,title,author,num_rating,num_reviews,avg_rating,num_pages,original_publish_year,series,minmax_norm_ratings,mean_norm_ratings,genres,award
0,City of Ashes,Cassandra Clare,789895,30434,4.15,453,2008,True,6.25,2.12,"['Fantasy', 'Young Adult', 'Fantasy Paranormal', 'Romance', 'Fantasy Urban Fantasy', 'Paranormal Vampires', 'Fiction', 'Fantasy Supernatural', 'Paranormal Angels', 'Fantasy Magic']",2
1,"Hush, Hush",Becca Fitzpatrick,604813,25700,3.95,391,2009,True,4.38,0.24,"['Young Adult', 'Fantasy', 'Romance', 'Fantasy Paranormal', 'Paranormal Angels', 'Romance Paranormal Romance', 'Fantasy Supernatural', 'Fiction', 'Fantasy Urban Fantasy', 'Young Adult Young Adult Fantasy']",1
2,City of Glass,Cassandra Clare,834498,29070,4.3,541,2009,True,7.66,3.52,"['Fantasy', 'Young Adult', 'Fantasy Paranormal', 'Romance', 'Fantasy Urban Fantasy', 'Paranormal Vampires', 'Fiction', 'Paranormal Angels', 'Fantasy Supernatural', 'Fantasy Magic']",3
3,Clockwork Angel,Cassandra Clare,709686,33612,4.31,479,2010,True,7.75,3.62,"['Fantasy', 'Young Adult', 'Romance', 'Fantasy Paranormal', 'Science Fiction Steampunk', 'Historical Historical Fiction', 'Fiction', 'Fantasy Urban Fantasy', 'Paranormal Vampires', 'Paranormal Angels']",10
4,Marked,P.C. Cast,448045,14504,3.8,306,2007,True,2.97,-1.16,"['Young Adult', 'Fantasy', 'Paranormal Vampires', 'Fantasy Paranormal', 'Romance', 'Fiction', 'Fantasy Supernatural', 'Fantasy Urban Fantasy', 'Romance Paranormal Romance', 'Young Adult Teen']",1
5,Graceling,Kristin Cashore,405363,23004,4.07,471,2008,True,5.5,1.37,"['Fantasy', 'Young Adult', 'Romance', 'Fiction', 'Adventure', 'Young Adult Young Adult Fantasy', 'Fantasy Magic', 'Fantasy High Fantasy', 'Young Adult Teen', 'Fantasy Paranormal']",18
6,Shiver,Maggie Stiefvater,448133,23237,3.76,392,2009,True,2.59,-1.54,"['Young Adult', 'Fantasy', 'Romance', 'Fantasy Paranormal', 'Shapeshifters Werewolves', 'Fiction', 'Romance Paranormal Romance', 'Fantasy Supernatural', 'Fantasy Urban Fantasy', 'Young Adult Teen']",12
7,Frostbite,Richelle Mead,324012,11587,4.26,327,2008,True,7.28,3.15,"['Young Adult', 'Paranormal Vampires', 'Fantasy', 'Fantasy Paranormal', 'Romance', 'Fantasy Urban Fantasy', 'Romance Paranormal Romance', 'Fantasy Supernatural', 'Fiction', 'Fantasy Magic']",0
8,"I'd Tell You I Love You, But Then I'd Have to Kill You",Ally Carter,180506,7607,3.82,284,2006,True,3.16,-0.98,"['Young Adult', 'Romance', 'Mystery', 'Contemporary', 'Fiction', 'Spy Thriller Espionage', 'Womens Fiction Chick Lit', 'Adventure', 'Young Adult Teen', 'Realistic Fiction']",2
9,Matched,Ally Condie,681069,33511,3.65,369,2010,True,1.56,-2.57,"['Young Adult', 'Science Fiction Dystopia', 'Romance', 'Science Fiction', 'Fiction', 'Fantasy', 'Young Adult Teen', 'Audiobook', 'Futuristic', 'Apocalyptic Post Apocalyptic']",11
10,The Last Olympian,Rick Riordan,717770,25247,4.5,381,2009,True,9.53,5.4,"['Fantasy', 'Young Adult', 'Fantasy Mythology', 'Fiction', 'Childrens Middle Grade', 'Adventure', 'Childrens', 'Mythology Greek Mythology', 'Fantasy Urban Fantasy', 'Fantasy Magic']",4
11,The Angel Experiment,James Patterson,211692,9431,4.07,445,2006,True,5.5,1.37,"['Young Adult', 'Fantasy', 'Science Fiction', 'Fiction', 'Adventure', 'Fantasy Paranormal', 'Young Adult Teen', 'Action', 'Mystery', 'Fantasy Urban Fantasy']",2
12,Cinder,Marissa Meyer,730212,56877,4.13,400,2012,True,6.06,1.93,"['Young Adult', 'Fantasy', 'Science Fiction', 'Romance', 'Science Fiction Dystopia', 'Retellings', 'Fiction', 'Fantasy Fairy Tales', 'Audiobook', 'Young Adult Young Adult Fantasy']",12
13,The Titan's Curse,Rick Riordan,739388,22821,4.34,320,2007,True,8.03,3.9,"['Fantasy', 'Young Adult', 'Fantasy Mythology', 'Fiction', 'Childrens Middle Grade', 'Adventure', 'Childrens', 'Mythology Greek Mythology', 'Fantasy Urban Fantasy', 'Fantasy Magic']",1
14,Shadow Kiss,Richelle Mead,338750,11508,4.33,443,2008,True,7.94,3.81,"['Young Adult', 'Paranormal Vampires', 'Fantasy', 'Fantasy Paranormal', 'Romance', 'Fantasy Urban Fantasy', 'Romance Paranormal Romance', 'Fantasy Supernatural', 'Fiction', 'Fantasy Magic']",1
15,The Battle of the Labyrinth,Rick Riordan,791118,20892,4.39,361,2008,True,8.5,4.37,"['Fantasy', 'Young Adult', 'Fantasy Mythology', 'Fiction', 'Childrens Middle Grade', 'Adventure', 'Childrens', 'Mythology Greek Mythology', 'Fantasy Urban Fantasy', 'Fantasy Magic']",0
16,Blood Promise,Richelle Mead,289248,9958,4.3,503,2009,True,7.66,3.52,"['Young Adult', 'Paranormal Vampires', 'Fantasy', 'Fantasy Paranormal', 'Romance', 'Fantasy Urban Fantasy', 'Romance Paranormal Romance', 'Fantasy Supernatural', 'Fiction', 'Fantasy Magic']",2
17,The Lost Hero,Rick Riordan,665681,23132,4.32,553,2010,True,7.84,3.71,"['Fantasy', 'Young Adult', 'Fantasy Mythology', 'Fiction', 'Childrens Middle Grade', 'Adventure', 'Childrens', 'Mythology Greek Mythology', 'Fantasy Urban Fantasy', 'Young Adult Young Adult Fantasy']",3
18,The Selection,Kiera Cass,991418,53192,4.12,336,2012,True,5.97,1.84,"['Young Adult', 'Romance', 'Science Fiction Dystopia', 'Fantasy', 'Fiction', 'Science Fiction', 'Audiobook', 'Young Adult Teen', 'Womens Fiction Chick Lit', 'Young Adult Young Adult Fantasy']",2
19,Pretties,Scott Westerfeld,239796,10407,3.84,370,2005,True,3.34,-0.79,"['Young Adult', 'Science Fiction Dystopia', 'Science Fiction', 'Fiction', 'Fantasy', 'Romance', 'Young Adult Teen', 'Adventure', 'Apocalyptic Post Apocalyptic', 'Science Fiction Fantasy']",0
20,Eldest,Christopher Paolini,376215,9883,3.99,704,2007,True,4.75,0.62,"['Fantasy', 'Young Adult', 'Fiction', 'Fantasy Dragons', 'Adventure', 'Fantasy Magic', 'Fantasy High Fantasy', 'Fantasy Epic Fantasy', 'Science Fiction Fantasy', 'Young Adult Young Adult Fantasy']",4
21,Legend,Marie Lu,435252,29892,4.16,305,2011,True,6.34,2.21,"['Young Adult', 'Science Fiction Dystopia', 'Science Fiction', 'Romance', 'Fantasy', 'Fiction', 'Adventure', 'Young Adult Teen', 'Audiobook', 'Action']",10
22,Evermore,Alyson Noel,273208,9854,3.59,301,2009,True,1.0,-3.13,"['Young Adult', 'Fantasy', 'Fantasy Paranormal', 'Romance', 'Romance Paranormal Romance', 'Fantasy Supernatural', 'Fiction', 'Fantasy Urban Fantasy', 'Paranormal Vampires', 'Fantasy Magic']",2
23,The Summoning,Kelley Armstrong,163257,6315,4.0,390,2008,True,4.84,0.71,"['Young Adult', 'Fantasy', 'Fantasy Paranormal', 'Fantasy Urban Fantasy', 'Fantasy Supernatural', 'Fantasy Magic', 'Romance', 'Paranormal Ghosts', 'Shapeshifters Werewolves', 'Fiction']",1
24,Gone,Michael  Grant,185273,10986,3.86,560,2008,True,3.53,-0.6,"['Young Adult', 'Science Fiction Dystopia', 'Science Fiction', 'Fantasy', 'Fiction', 'Fantasy Paranormal', 'Romance', 'Adventure', 'Fantasy Supernatural', 'Young Adult Teen']",1
25,Spirit Bound,Richelle Mead,270258,9050,4.33,489,2010,True,7.94,3.81,"['Young Adult', 'Paranormal Vampires', 'Fantasy', 'Fantasy Paranormal', 'Romance', 'Fantasy Urban Fantasy', 'Romance Paranormal Romance', 'Fantasy Supernatural', 'Fiction', 'Fantasy Magic']",3
26,A Great and Terrible Beauty,Libba Bray,218210,9972,3.78,403,2003,True,2.78,-1.35,"['Fantasy', 'Young Adult', 'Historical Historical Fiction', 'Fiction', 'Historical', 'Fantasy Paranormal', 'Romance', 'Fantasy Magic', 'Young Adult Teen', 'Young Adult Young Adult Fantasy']",2
27,The Iron King,Julie Kagawa,202542,12119,3.89,363,2010,True,3.81,-0.32,"['Fantasy', 'Young Adult', 'Romance', 'Fantasy Paranormal', 'Fairies Fae', 'Paranormal Fairies', 'Fantasy Urban Fantasy', 'Fantasy Magic', 'Fiction', 'Young Adult Young Adult Fantasy']",2
28,Last Sacrifice,Richelle Mead,264840,11399,4.37,594,2010,True,8.31,4.18,"['Young Adult', 'Paranormal Vampires', 'Fantasy', 'Fantasy Paranormal', 'Romance', 'Fantasy Urban Fantasy', 'Romance Paranormal Romance', 'Fantasy Supernatural', 'Fiction', 'Fantasy Magic']",1
29,The Night Circus,Erin Morgenstern,733079,77427,4.03,391,2011,False,5.13,0.99,"['Fantasy', 'Fiction', 'Romance', 'Historical Historical Fiction', 'Fantasy Magic', 'Young Adult', 'Magical Realism', 'Adult', 'Audiobook', 'Historical']",11
30,Betrayed,P.C. Cast,248895,5571,3.92,310,2007,True,4.09,-0.04,"['Young Adult', 'Paranormal Vampires', 'Fantasy', 'Fantasy Paranormal', 'Romance', 'Fiction', 'Fantasy Supernatural', 'Fantasy Urban Fantasy', 'Romance Paranormal Romance', 'Fantasy Magic']",0
31,Wicked Lovely,Melissa Marr,162251,7137,3.69,328,2007,True,1.94,-2.19,"['Fantasy', 'Young Adult', 'Romance', 'Fantasy Paranormal', 'Fantasy Urban Fantasy', 'Paranormal Fairies', 'Fairies Fae', 'Fiction', 'Romance Paranormal Romance', 'Fantasy Magic']",3
32,Chosen,P.C. Cast,227774,4437,3.91,307,2008,True,4.0,-0.13,"['Young Adult', 'Paranormal Vampires', 'Fantasy', 'Fantasy Paranormal', 'Romance', 'Fiction', 'Fantasy Supernatural', 'Romance Paranormal Romance', 'Fantasy Urban Fantasy', 'Fantasy Magic']",0
33,The Graveyard Book,Neil Gaiman,460866,32761,4.13,307,2008,False,6.06,1.93,"['Fantasy', 'Young Adult', 'Fiction', 'Horror', 'Childrens Middle Grade', 'Childrens', 'Fantasy Paranormal', 'Audiobook', 'Paranormal Ghosts', 'Fantasy Supernatural']",18
34,City of Fallen Angels,Cassandra Clare,511239,23763,4.11,425,2011,True,5.88,1.74,"['Fantasy', 'Young Adult', 'Fantasy Paranormal', 'Romance', 'Fantasy Urban Fantasy', 'Paranormal Vampires', 'Fiction', 'Paranormal Angels', 'Fantasy Supernatural', 'Fantasy Magic']",1
35,Untamed,P.C. Cast,221822,3669,3.94,338,2008,True,4.28,0.15,"['Young Adult', 'Paranormal Vampires', 'Fantasy', 'Fantasy Paranormal', 'Romance', 'Fiction', 'Fantasy Supernatural', 'Fantasy Urban Fantasy', 'Romance Paranormal Romance', 'Fantasy Magic']",0
36,Shatter Me,Tahereh Mafi,317338,30694,3.93,338,2011,True,4.19,0.06,"['Young Adult', 'Science Fiction Dystopia', 'Fantasy', 'Romance', 'Science Fiction', 'Fantasy Paranormal', 'Fiction', 'Young Adult Young Adult Fantasy', 'Fantasy Supernatural', 'Audiobook']",1
37,The Alchemyst,Michael Scott,148669,8510,3.84,369,2008,True,3.34,-0.79,"['Fantasy', 'Young Adult', 'Fiction', 'Fantasy Magic', 'Adventure', 'Fantasy Mythology', 'Childrens Middle Grade', 'Fantasy Urban Fantasy', 'Childrens', 'Young Adult Young Adult Fantasy']",3
38,Blue Bloods,Melissa de la Cruz,136615,4963,3.69,302,2007,True,1.94,-2.19,"['Young Adult', 'Paranormal Vampires', 'Fantasy', 'Fantasy Paranormal', 'Romance', 'Fantasy Urban Fantasy', 'Fantasy Supernatural', 'Fiction', 'Romance Paranormal Romance', 'Paranormal Angels']",0
39,Clockwork Prince,Cassandra Clare,471206,24797,4.43,498,2011,True,8.88,4.74,"['Fantasy', 'Young Adult', 'Romance', 'Fantasy Paranormal', 'Science Fiction Steampunk', 'Historical Historical Fiction', 'Fantasy Urban Fantasy', 'Fiction', 'Paranormal Angels', 'Paranormal Vampires']",2
40,Inkspell,Cornelia Funke,117418,4157,3.9,635,2005,True,3.91,-0.23,"['Fantasy', 'Young Adult', 'Fiction', 'Childrens', 'Childrens Middle Grade', 'Adventure', 'Fantasy Magic', 'Writing Books About Books', 'Young Adult Young Adult Fantasy', 'European Literature German Literature']",2
41,Dark Lover,J.R. Ward,302156,13410,4.17,393,2005,True,6.44,2.31,"['Romance', 'Fantasy Paranormal', 'Paranormal Vampires', 'Romance Paranormal Romance', 'Fantasy', 'Fantasy Urban Fantasy', 'Adult', 'Fiction', 'Fantasy Supernatural', 'Adult Fiction Erotica']",5
42,Beautiful Disaster,Jamie McGuire,571283,28797,4.08,319,2011,True,5.59,1.46,"['Romance', 'New Adult', 'Contemporary', 'Young Adult', 'Romance Contemporary Romance', 'Academic College', 'Fiction', 'Womens Fiction Chick Lit', 'Adult', 'Love']",1
43,Hunted,P.C. Cast,170393,3528,3.91,323,2009,True,4.0,-0.13,"['Young Adult', 'Paranormal Vampires', 'Fantasy', 'Fantasy Paranormal', 'Romance', 'Fiction', 'Fantasy Supernatural', 'Fantasy Urban Fantasy', 'Romance Paranormal Romance', 'Fantasy Magic']",1
44,Poison Study,Maria V. Snyder,152984,12036,4.09,427,2007,True,5.69,1.56,"['Fantasy', 'Young Adult', 'Romance', 'Fantasy Magic', 'Fiction', 'Fantasy Paranormal', 'Fantasy High Fantasy', 'Young Adult Young Adult Fantasy', 'Adventure', 'New Adult']",3
45,Crescendo,Becca Fitzpatrick,288101,11404,4.02,432,2010,True,5.03,0.9,"['Young Adult', 'Fantasy', 'Paranormal Angels', 'Fantasy Paranormal', 'Romance', 'Romance Paranormal Romance', 'Fantasy Supernatural', 'Fiction', 'Fantasy Urban Fantasy', 'Young Adult Young Adult Fantasy']",1
46,The Catcher in the Rye,J.D. Salinger,2857494,60330,3.81,277,2001,False,3.06,-1.07,"['Classics', 'Fiction', 'Young Adult', 'Literature', 'Academic School', 'Novels', 'Young Adult Coming Of Age', 'Young Adult High School', 'Literature American', 'Academic Read For School']",2
47,Among the Hidden,Margaret Peterson Haddix,114399,6275,3.98,153,2006,True,4.66,0.52,"['Young Adult', 'Science Fiction Dystopia', 'Science Fiction', 'Fiction', 'Childrens Middle Grade', 'Childrens', 'Fantasy', 'Adventure', 'Academic School', 'Young Adult Teen']",5
48,The Mysterious Benedict Society,Trenton Lee Stewart,128796,10837,4.17,497,2008,True,6.44,2.31,"['Mystery', 'Fiction', 'Young Adult', 'Childrens Middle Grade', 'Fantasy', 'Childrens', 'Adventure', 'Childrens Juvenile', 'Science Fiction', 'Audiobook']",3
49,The Awakening,Kelley Armstrong,111559,3320,4.13,360,2009,True,6.06,1.93,"['Young Adult', 'Fantasy', 'Fantasy Paranormal', 'Fantasy Urban Fantasy', 'Fantasy Supernatural', 'Romance', 'Fantasy Magic', 'Shapeshifters Werewolves', 'Paranormal Ghosts', 'Fiction']",1
50,Fablehaven,Brandon Mull,141775,10161,4.09,351,2006,True,5.69,1.56,"['Fantasy', 'Young Adult', 'Childrens Middle Grade', 'Fiction', 'Childrens', 'Adventure', 'Fantasy Magic', 'Childrens Juvenile', 'Young Adult Young Adult Fantasy', 'Science Fiction Fantasy']",2
51,City of Lost Souls,Cassandra Clare,451303,20878,4.25,546,2012,True,7.19,3.06,"['Fantasy', 'Young Adult', 'Romance', 'Fantasy Paranormal', 'Fantasy Urban Fantasy', 'Paranormal Vampires', 'Paranormal Angels', 'Fiction', 'Fantasy Supernatural', 'Fantasy Magic']",1
52,Throne of Glass,Sarah J. Maas,671290,47796,4.19,406,2012,True,6.63,2.49,"['Young Adult', 'Fiction', 'Fantasy Magic', 'Young Adult Young Adult Fantasy', 'Fantasy High Fantasy', 'New Adult', 'Adventure', 'Fantasy Paranormal', 'Fairies Fae', 'Mystery']",3
53,Uglies,Scott Westerfeld,581897,23952,3.85,425,2005,True,3.44,-0.69,"['Young Adult', 'Science Fiction Dystopia', 'Science Fiction', 'Fiction', 'Fantasy', 'Romance', 'Young Adult Teen', 'Adventure', 'Apocalyptic Post Apocalyptic', 'Science Fiction Fantasy']",11
54,Perfect Chemistry,Simone Elkeles,245961,10873,4.05,368,2008,True,5.31,1.18,"['Romance', 'Young Adult', 'Contemporary', 'Romance Contemporary Romance', 'Young Adult High School', 'Fiction', 'New Adult', 'Realistic Fiction', 'Womens Fiction Chick Lit', 'Young Adult Young Adult Romance']",4
55,Brisingr,Christopher Paolini,318744,9255,4.05,748,2008,True,5.31,1.18,"['Fantasy', 'Young Adult', 'Fiction', 'Fantasy Dragons', 'Adventure', 'Fantasy Magic', 'Fantasy High Fantasy', 'Fantasy Epic Fantasy', 'Science Fiction Fantasy', 'Young Adult Young Adult Fantasy']",0
56,Daughter of Smoke & Bone,Laini Taylor,331253,30039,3.99,418,2011,True,4.75,0.62,"['Fantasy', 'Young Adult', 'Romance', 'Fantasy Paranormal', 'Paranormal Angels', 'Fantasy Urban Fantasy', 'Fiction', 'Fantasy Magic', 'Young Adult Young Adult Fantasy', 'Fantasy Supernatural']",16
57,Magyk,Angie Sage,115527,5213,3.82,564,2005,True,3.16,-0.98,"['Fantasy', 'Young Adult', 'Fantasy Magic', 'Fiction', 'Childrens Middle Grade', 'Childrens', 'Adventure', 'Young Adult Young Adult Fantasy', 'Audiobook', 'Fantasy High Fantasy']",1
58,Glass Houses,Rachel Caine,97440,4893,3.9,239,2006,True,3.91,-0.23,"['Paranormal Vampires', 'Young Adult', 'Fantasy Paranormal', 'Fantasy', 'Fantasy Urban Fantasy', 'Romance', 'Fantasy Supernatural', 'Fiction', 'Romance Paranormal Romance', 'Paranormal Ghosts']",0
59,The Luxe,Anna Godbersen,71147,4622,3.63,433,2007,True,1.38,-2.76,"['Historical Historical Fiction', 'Young Adult', 'Romance', 'Historical', 'Fiction', 'Womens Fiction Chick Lit', 'Romance Historical Romance', 'Young Adult Teen', 'Drama', 'Mystery']",1
60,Obsidian,Jennifer L. Armentrout,243427,18477,4.16,335,2012,True,6.34,2.21,"['Young Adult', 'Fantasy Paranormal', 'Fantasy', 'Romance', 'Science Fiction Aliens', 'Science Fiction', 'Romance Paranormal Romance', 'Fantasy Supernatural', 'Fantasy Urban Fantasy', 'Fiction']",0
61,Tempted,P.C. Cast,156837,3429,3.94,319,2009,True,4.28,0.15,"['Young Adult', 'Paranormal Vampires', 'Fantasy', 'Fantasy Paranormal', 'Romance', 'Fantasy Supernatural', 'Fiction', 'Romance Paranormal Romance', 'Fantasy Urban Fantasy', 'Fantasy Magic']",1
62,Torment,Lauren Kate,217530,8033,3.86,452,2010,True,3.53,-0.6,"['Young Adult', 'Fantasy', 'Paranormal Angels', 'Romance', 'Fantasy Paranormal', 'Romance Paranormal Romance', 'Fantasy Supernatural', 'Fiction', 'Fantasy Urban Fantasy', 'Young Adult Teen']",0
63,Moon Called,Patricia Briggs,186972,8681,4.13,289,2006,True,6.06,1.93,"['Fantasy Urban Fantasy', 'Fantasy', 'Fantasy Paranormal', 'Paranormal Vampires', 'Romance', 'Shapeshifters Werewolves', 'Romance Paranormal Romance', 'Fiction', 'Paranormal Shapeshifters', 'Fantasy Supernatural']",0
64,Specials,Scott Westerfeld,174446,8008,3.76,384,2006,True,2.59,-1.54,"['Young Adult', 'Science Fiction Dystopia', 'Science Fiction', 'Fiction', 'Fantasy', 'Romance', 'Young Adult Teen', 'Adventure', 'Apocalyptic Post Apocalyptic', 'Futuristic']",0
65,Cross My Heart and Hope to Spy,Ally Carter,85255,3467,4.12,236,2007,True,5.97,1.84,"['Young Adult', 'Mystery', 'Romance', 'Contemporary', 'Fiction', 'Spy Thriller Espionage', 'Adventure', 'Womens Fiction Chick Lit', 'Young Adult Teen', 'Action']",0
66,The Goose Girl,Shannon Hale,140065,10152,4.1,383,2005,True,5.78,1.65,"['Fantasy', 'Young Adult', 'Fantasy Fairy Tales', 'Romance', 'Fiction', 'Retellings', 'Childrens Middle Grade', 'Adventure', 'Childrens', 'Young Adult Young Adult Fantasy']",4
67,The Historian,Elizabeth Kostova,250739,16493,3.78,704,2005,False,2.78,-1.35,"['Fiction', 'Historical Historical Fiction', 'Fantasy', 'Horror', 'Mystery', 'Paranormal Vampires', 'Historical', 'Fantasy Paranormal', 'Gothic', 'Thriller']",5
68,Alanna: The First Adventure,Tamora Pierce,123020,5191,4.23,274,2005,True,7.0,2.87,"['Fantasy', 'Young Adult', 'Fiction', 'Adventure', 'Fantasy Magic', 'Young Adult Young Adult Fantasy', 'Childrens Middle Grade', 'Fantasy High Fantasy', 'Childrens', 'Young Adult Teen']",3
69,Fairest,Gail Carson Levine,62408,4171,3.88,326,2006,True,3.72,-0.41,"['Fantasy', 'Young Adult', 'Fantasy Fairy Tales', 'Romance', 'Fiction', 'Childrens Middle Grade', 'Retellings', 'Fantasy Magic', 'Childrens', 'Fairy Tales Fairy Tale Retellings']",0
70,Unwind,Neal Shusterman,202191,19136,4.16,337,2007,True,6.34,2.21,"['Young Adult', 'Science Fiction Dystopia', 'Science Fiction', 'Fiction', 'Fantasy', 'Horror', 'Young Adult Teen', 'Thriller', 'Adventure', 'Adventure Survival']",12
71,Bloodlines,Richelle Mead,175257,8404,4.19,421,2011,True,6.63,2.49,"['Young Adult', 'Paranormal Vampires', 'Fantasy', 'Fantasy Paranormal', 'Romance', 'Fantasy Urban Fantasy', 'Fantasy Magic', 'Fantasy Supernatural', 'Romance Paranormal Romance', 'Fiction']",1
72,Heist Society,Ally Carter,90313,5301,3.9,287,2010,True,3.91,-0.23,"['Young Adult', 'Mystery', 'Contemporary', 'Romance', 'Fiction', 'Adventure', 'Young Adult Teen', 'Mystery Crime', 'Womens Fiction Chick Lit', 'Realistic Fiction']",3
73,Hex Hall,Rachel Hawkins,140285,8484,3.92,323,2010,True,4.09,-0.04,"['Young Adult', 'Fantasy', 'Fantasy Paranormal', 'Fantasy Magic', 'Romance', 'Paranormal Vampires', 'Paranormal Witches', 'Fantasy Supernatural', 'Fantasy Urban Fantasy', 'Paranormal Demons']",0
74,"Night World, No. 1",L.J. Smith,61878,2154,4.05,729,2008,True,5.31,1.18,"['Young Adult', 'Paranormal Vampires', 'Fantasy', 'Fantasy Paranormal', 'Romance', 'Fantasy Supernatural', 'Paranormal Witches', 'Romance Paranormal Romance', 'Fiction', 'Fantasy Magic']",0
75,The Red Pyramid,Rick Riordan,339996,13539,4.08,516,2010,True,5.59,1.46,"['Fantasy', 'Young Adult', 'Fantasy Mythology', 'Childrens Middle Grade', 'Adventure', 'Fiction', 'Childrens', 'Fantasy Magic', 'Fantasy Urban Fantasy', 'Science Fiction Fantasy']",5
76,Just Listen,Sarah Dessen,238556,8231,4.05,371,2006,False,5.31,1.18,"['Young Adult', 'Romance', 'Contemporary', 'Fiction', 'Realistic Fiction', 'Womens Fiction Chick Lit', 'Young Adult Teen', 'Music', 'Young Adult Young Adult Contemporary', 'Young Adult High School']",5
77,The Shadow of the Wind,Carlos Ruiz Zaf√≥n,495924,38232,4.27,487,2005,True,7.37,3.24,"['Fiction', 'Historical Historical Fiction', 'Mystery', 'Fantasy', 'Writing Books About Books', 'Historical', 'Cultural Spain', 'Magical Realism', 'European Literature Spanish Literature', 'Gothic']",11
78,Anna and the French Kiss,Stephanie Perkins,379677,30249,4.0,372,2010,True,4.84,0.71,"['Young Adult', 'Romance', 'Contemporary', 'Womens Fiction Chick Lit', 'Fiction', 'Realistic Fiction', 'Young Adult Young Adult Contemporary', 'Romance Contemporary Romance', 'Young Adult Young Adult Romance', 'Young Adult Teen']",9
79,Clockwork Princess,Cassandra Clare,366577,31956,4.55,567,2013,True,10.0,5.87,"['Fantasy', 'Young Adult', 'Romance', 'Fantasy Paranormal', 'Science Fiction Steampunk', 'Historical Historical Fiction', 'Fantasy Urban Fantasy', 'Paranormal Angels', 'Fiction', 'Historical']",1
80,The Looking Glass Wars,Frank Beddor,42180,3860,3.93,364,2006,True,4.19,0.06,"['Fantasy', 'Young Adult', 'Fiction', 'Retellings', 'Adventure', 'Science Fiction Steampunk', 'Fantasy Magic', 'Fantasy Fairy Tales', 'Young Adult Young Adult Fantasy', 'Young Adult Teen']",1
81,The Subtle Knife,Philip Pullman,387666,10700,4.13,370,2018,True,6.06,1.93,"['Fantasy', 'Young Adult', 'Fiction', 'Childrens', 'Adventure', 'Science Fiction', 'Science Fiction Fantasy', 'Audiobook', 'Science Fiction Steampunk', 'Childrens Middle Grade']",2
82,Silence,Becca Fitzpatrick,253228,8256,4.11,448,2011,True,5.88,1.74,"['Young Adult', 'Fantasy', 'Paranormal Angels', 'Romance', 'Fantasy Paranormal', 'Romance Paranormal Romance', 'Fantasy Supernatural', 'Fiction', 'Fantasy Urban Fantasy', 'Young Adult Young Adult Fantasy']",1
83,Evernight,Claudia Gray,78990,3319,3.64,327,2008,True,1.47,-2.66,"['Young Adult', 'Paranormal Vampires', 'Fantasy', 'Fantasy Paranormal', 'Romance', 'Romance Paranormal Romance', 'Fantasy Supernatural', 'Fantasy Urban Fantasy', 'Fiction', 'Young Adult Teen']",0
84,Blue Moon,Alyson Noel,91571,3764,3.6,284,2009,True,1.09,-3.04,"['Young Adult', 'Fantasy', 'Fantasy Paranormal', 'Romance', 'Fantasy Supernatural', 'Romance Paranormal Romance', 'Fiction', 'Fantasy Magic', 'Fantasy Urban Fantasy', 'Young Adult Teen']",1
85,Masquerade,Melissa de la Cruz,89803,2146,3.9,307,2007,True,3.91,-0.23,"['Young Adult', 'Paranormal Vampires', 'Fantasy', 'Fantasy Paranormal', 'Romance', 'Fantasy Supernatural', 'Paranormal Angels', 'Fantasy Urban Fantasy', 'Fiction', 'Romance Paranormal Romance']",0
86,Vampire Kisses,Ellen Schreiber,49681,2317,3.72,253,2005,True,2.22,-1.91,"['Paranormal Vampires', 'Young Adult', 'Fantasy Paranormal', 'Fantasy', 'Romance', 'Romance Paranormal Romance', 'Fantasy Supernatural', 'Fiction', 'Young Adult Teen', 'Fantasy Urban Fantasy']",0
87,Don't Judge a Girl by Her Cover,Ally Carter,65809,2688,4.21,263,2009,True,6.81,2.68,"['Young Adult', 'Mystery', 'Romance', 'Contemporary', 'Fiction', 'Spy Thriller Espionage', 'Adventure', 'Womens Fiction Chick Lit', 'Young Adult Teen', 'Action']",1
88,The Sweet Far Thing,Libba Bray,68476,3876,3.95,819,2007,True,4.38,0.24,"['Fantasy', 'Young Adult', 'Historical Historical Fiction', 'Historical', 'Fiction', 'Romance', 'Fantasy Paranormal', 'Fantasy Magic', 'Young Adult Young Adult Fantasy', 'Young Adult Teen']",0
89,Linger,Maggie Stiefvater,159664,9645,3.89,362,2010,True,3.81,-0.32,"['Young Adult', 'Fantasy', 'Romance', 'Fantasy Paranormal', 'Shapeshifters Werewolves', 'Fiction', 'Romance Paranormal Romance', 'Fantasy Supernatural', 'Fantasy Urban Fantasy', 'Young Adult Young Adult Fantasy']",1
90,Rebel Angels,Libba Bray,111181,3404,3.92,548,2006,True,4.09,-0.04,"['Fantasy', 'Young Adult', 'Historical Historical Fiction', 'Historical', 'Fiction', 'Romance', 'Fantasy Paranormal', 'Fantasy Magic', 'Young Adult Teen', 'Young Adult Young Adult Fantasy']",0
92,Acheron,Sherrilyn Kenyon,56166,3676,4.55,728,2008,True,10.0,5.87,"['Romance Paranormal Romance', 'Fantasy Paranormal', 'Romance', 'Fantasy', 'Paranormal Vampires', 'Fantasy Urban Fantasy', 'Fantasy Mythology', 'Adult', 'Fiction', 'Paranormal Demons']",0
93,Revelations,Melissa de la Cruz,76212,1651,3.9,264,2008,True,3.91,-0.23,"['Young Adult', 'Paranormal Vampires', 'Fantasy', 'Fantasy Paranormal', 'Romance', 'Paranormal Angels', 'Fantasy Supernatural', 'Fantasy Urban Fantasy', 'Romance Paranormal Romance', 'Fiction']",0
94,Shadowland,Jenny Carroll,66946,2510,4.02,287,2005,True,5.03,0.9,"['Young Adult', 'Fantasy', 'Fantasy Paranormal', 'Romance', 'Paranormal Ghosts', 'Fiction', 'Fantasy Supernatural', 'Mystery', 'Womens Fiction Chick Lit', 'Young Adult Teen']",0
95,Coilhunter,Dean F. Wilson,914,129,4.14,210,2017,True,6.16,2.02,"['Science Fiction', 'Science Fiction Steampunk', 'Westerns', 'Fantasy', 'Science Fiction Dystopia', 'Westerns Weird West', 'Fiction', 'Action', 'Audiobook', 'Business Amazon']",0
96,Wake,Lisa McMann,80039,5481,3.75,210,2008,True,2.5,-1.63,"['Young Adult', 'Romance', 'Fiction', 'Fantasy Supernatural', 'Fantasy', 'Mystery', 'Young Adult Teen', 'Fantasy Urban Fantasy', 'Fantasy Paranormal', 'Romance Paranormal Romance']",3
97,The Son of Neptune,Rick Riordan,442699,16540,4.42,513,2011,True,8.78,4.65,"['Fantasy', 'Young Adult', 'Fantasy Mythology', 'Fiction', 'Childrens Middle Grade', 'Adventure', 'Childrens', 'Mythology Greek Mythology', 'Fantasy Urban Fantasy', 'Young Adult Young Adult Fantasy']",2
98,The Van Alen Legacy,Melissa de la Cruz,64378,1538,3.95,369,2009,True,4.38,0.24,"['Young Adult', 'Paranormal Vampires', 'Fantasy', 'Fantasy Paranormal', 'Romance', 'Paranormal Angels', 'Fantasy Supernatural', 'Fantasy Urban Fantasy', 'Fiction', 'Romance Paranormal Romance']",1
99,Terrier,Tamora Pierce,69341,1998,4.1,581,2006,True,5.78,1.65,"['Fantasy', 'Young Adult', 'Fiction', 'Fantasy Magic', 'Young Adult Young Adult Fantasy', 'Adventure', 'Mystery', 'Fantasy High Fantasy', 'Young Adult Teen', 'Childrens']",3
