,title,author,num_rating,num_reviews,avg_rating,num_pages,original_publish_year,series,genres,award,place,url
0,Airborn,Kenneth Oppel,23697,1991,4.17,501,2005,True,"['Science Fiction Steampunk', 'Fantasy', 'Young Adult', 'Science Fiction', 'Adventure', 'Fiction', 'Young Adult Teen', 'Adventure Pirates', 'Audiobook', 'Childrens Middle Grade']",11,,https://www.goodreads.com//book/show/428042.Airborn
1,My Life Next Door,Huntley Fitzpatrick,139278,9673,3.99,394,2012,False,"['Young Adult', 'Romance', 'Contemporary', 'Fiction', 'Womens Fiction Chick Lit', 'Realistic Fiction', 'Young Adult Young Adult Contemporary', 'Romance Contemporary Romance', 'Young Adult Young Adult Romance', 'Young Adult High School']",2,United States,https://www.goodreads.com//book/show/12294652-my-life-next-door
2,Double Identity,Margaret Peterson Haddix,15407,1404,4.02,218,2007,False,"['Young Adult', 'Science Fiction', 'Fiction', 'Mystery', 'Fantasy', 'Childrens Middle Grade', 'Childrens', 'Young Adult Teen', 'Adventure', 'Realistic Fiction']",0,,https://www.goodreads.com//book/show/155370.Double_Identity
3,Uncommon Criminals,Ally Carter,41225,2368,4.13,298,2011,True,"['Young Adult', 'Mystery', 'Contemporary', 'Romance', 'Fiction', 'Adventure', 'Young Adult Teen', 'Mystery Crime', 'Womens Fiction Chick Lit', 'Realistic Fiction']",1,United States,https://www.goodreads.com//book/show/10327303-uncommon-criminals
4,House Rules,Jodi Picoult,152691,11481,4.02,532,2010,False,"['Fiction', 'Mystery', 'Contemporary', 'Adult Fiction', 'Adult', 'Womens Fiction Chick Lit', 'Drama', 'Family', 'Realistic Fiction', 'Health Aspergers']",1,United States,https://www.goodreads.com//book/show/6614960-house-rules
5,Code Name Verity,Elizabeth Wein,102876,14674,4.02,452,2012,True,"['Historical Historical Fiction', 'Young Adult', 'Fiction', 'Historical', 'War', 'War World War II', 'Audiobook', 'Young Adult Teen', 'Mystery', 'Adventure']",15,,https://www.goodreads.com//book/show/11925514-code-name-verity
6,Lips of a Mastodon,Ted Bernal Guevara,3825,27,3.5,226,2015,False,"['Drama', 'Mystery', 'Fiction', 'Mystery Crime', 'Thriller', 'Suspense', 'Thriller Psychological Thriller', 'Adult Fiction', 'Novels', 'Adventure']",0,,https://www.goodreads.com//book/show/26004546-lips-of-a-mastodon
7,Juliet,Anne Fortier,25919,3835,3.91,447,2010,False,"['Historical Historical Fiction', 'Romance', 'Fiction', 'Mystery', 'Historical', 'Cultural Italy', 'Contemporary', 'Adult', 'Womens Fiction Chick Lit', 'Adult Fiction']",1,Italy,https://www.goodreads.com//book/show/6718608-juliet
8,The Young Elites,Marie Lu,118100,13349,3.88,355,2014,True,"['Fantasy', 'Young Adult', 'Science Fiction Dystopia', 'Romance', 'Fantasy Magic', 'Fiction', 'Young Adult Young Adult Fantasy', 'Science Fiction', 'Fantasy High Fantasy', 'Fantasy Paranormal']",2,,https://www.goodreads.com//book/show/20821111-the-young-elites
9,Reckless,S.C. Stephens,76241,5390,4.41,546,2013,True,"['Romance', 'New Adult', 'Contemporary', 'Romance Contemporary Romance', 'Music', 'Adult', 'Adult Fiction Erotica', 'Womens Fiction Chick Lit', 'Young Adult', 'Love']",1,,https://www.goodreads.com//book/show/13600318-reckless
10,The Sugar Queen,Sarah Addison Allen,50141,5658,3.98,276,2008,False,"['Fiction', 'Magical Realism', 'Romance', 'Womens Fiction Chick Lit', 'Fantasy', 'Contemporary', 'Fantasy Magic', 'Adult', 'Adult Fiction', 'American Southern']",1,United States,https://www.goodreads.com//book/show/2200877.The_Sugar_Queen
11,Ice in My Veins,Kelli Sullivan,263,36,3.81,272,2010,False,"['Young Adult', 'Sports Sports', 'Romance', 'Fiction', 'New Adult', 'Contemporary', 'Contemporary Romance Sports Romance', 'Young Adult Young Adult Romance']",0,,https://www.goodreads.com//book/show/9838977-ice-in-my-veins
12,Blue is for Nightmares,Laurie Faria Stolarz,18130,955,3.82,284,2003,True,"['Young Adult', 'Fantasy', 'Fantasy Paranormal', 'Mystery', 'Fantasy Magic', 'Paranormal Witches', 'Fiction', 'Romance', 'Fantasy Supernatural', 'Young Adult Teen']",0,,https://www.goodreads.com//book/show/477338.Blue_is_for_Nightmares
13,"A Child Called ""It""",Dave Pelzer,389750,16159,4.11,184,1995,True,"['Nonfiction', 'Autobiography Memoir', 'Biography', 'Psychology', 'Biography Autobiography', 'Sociology Abuse', 'Biography Memoir', 'Adult', 'Crime True Crime', 'True Story']",3,,https://www.goodreads.com//book/show/60748.A_Child_Called_It_
14,Carnal: Somewhere Over 40 Winks,Rom LcO'Feer,2788,17,3.45,222,2009,False,"['Psychology', 'Contemporary', 'Fiction', 'Drama']",0,,https://www.goodreads.com//book/show/7673244-carnal
15,Dream Caster,Najeev Raj Nadarajah,195,83,4.15,362,2012,True,"['Fantasy', 'Young Adult', 'Science Fiction', 'Science Fiction Dystopia', 'Apocalyptic Post Apocalyptic', 'Fantasy Paranormal', 'Fiction', 'Action']",0,,https://www.goodreads.com//book/show/16077824-dream-caster
16,September Ends,Hunter S. Jones,478,157,3.99,274,2013,True,"['Romance', 'Poetry', 'Romance Love Story', 'Romance Contemporary Romance', 'Fantasy Paranormal', 'Fantasy', 'Contemporary', 'New Adult', 'Fiction', 'Adult']",1,United Kingdom,https://www.goodreads.com//book/show/18586895-september-ends
17,Half Magic,Edward Eager,36226,1634,3.93,192,1999,True,"['Fantasy', 'Childrens', 'Fiction', 'Childrens Middle Grade', 'Young Adult', 'Classics', 'Fantasy Magic', 'Adventure', 'Childrens Juvenile', 'Humor']",0,,https://www.goodreads.com//book/show/225038.Half_Magic
18,Once Upon a Marigold,Jean Ferris,24039,1595,4.0,271,2004,True,"['Fantasy', 'Young Adult', 'Romance', 'Fantasy Fairy Tales', 'Childrens Middle Grade', 'Fiction', 'Childrens', 'Humor', 'Adventure', 'Childrens Juvenile']",3,,https://www.goodreads.com//book/show/157055.Once_Upon_a_Marigold
19,Hotel on the Corner of Bitter and Sweet,Jamie Ford,271484,20906,4.02,290,2009,False,"['Historical Historical Fiction', 'Fiction', 'Historical', 'Romance', 'War World War II', 'Book Club', 'Adult Fiction', 'Adult', 'War', 'Audiobook']",4,United States,https://www.goodreads.com//book/show/3367956-hotel-on-the-corner-of-bitter-and-sweet
20,Spells,Aprilynne Pike,39542,2004,3.98,359,2010,True,"['Fantasy', 'Young Adult', 'Romance', 'Fantasy Paranormal', 'Paranormal Fairies', 'Fantasy Magic', 'Fairies Fae', 'Fiction', 'Fantasy Urban Fantasy', 'Romance Paranormal Romance']",0,United States,https://www.goodreads.com//book/show/6801582-spells
21,Eve,Anna Carey,41892,3522,3.69,336,2011,True,"['Science Fiction Dystopia', 'Young Adult', 'Romance', 'Science Fiction', 'Fantasy', 'Apocalyptic Post Apocalyptic', 'Fiction', 'Adventure', 'Young Adult Teen', 'Adventure Survival']",0,United States,https://www.goodreads.com//book/show/9297774-eve
22,Farsighted,Emlyn Chand,886,319,3.7,206,2011,True,"['Fantasy Urban Fantasy', 'Fantasy Paranormal', 'Young Adult', 'Young Adult Teen', 'Thriller', 'Young Adult Young Adult Fantasy', 'Disability', 'Romance Paranormal Romance', 'Contemporary', 'Mystery']",5,,https://www.goodreads.com//book/show/12368303-farsighted
23,The Cruel Prince,Holly Black,301217,35232,4.1,370,2018,True,"['Fantasy', 'Young Adult', 'Romance', 'Young Adult Young Adult Fantasy', 'Fairies Fae', 'Fiction', 'Fantasy Magic', 'Audiobook', 'Paranormal Fairies', 'Fantasy Paranormal']",3,,https://www.goodreads.com//book/show/26032825-the-cruel-prince
24,The Sweetness at the Bottom of the Pie,Alan Bradley,152038,16539,3.82,386,2009,True,"['Mystery', 'Fiction', 'Historical Historical Fiction', 'Young Adult', 'Audiobook', 'Thriller Mystery Thriller', 'Mystery Crime', 'Historical', 'Adult', 'European Literature British Literature']",10,United Kingdom,https://www.goodreads.com//book/show/40605285-the-sweetness-at-the-bottom-of-the-pie
25,Chasing the Red Queen,Karen Glista,2075,83,4.27,277,2018,False,"['Fiction', 'Novels', 'Contemporary', 'New Adult', 'Young Adult', 'Adult', 'Romance', 'Fantasy', 'Romance Love Story', 'Book Club']",0,,https://www.goodreads.com//book/show/38343303-chasing-the-red-queen
26,Angel,James Patterson,48538,1992,4.01,298,2011,True,"['Young Adult', 'Fantasy', 'Science Fiction', 'Fiction', 'Adventure', 'Romance', 'Fantasy Paranormal', 'Action', 'Young Adult Teen', 'Fantasy Supernatural']",0,France,https://www.goodreads.com//book/show/7201913-angel
27,Size 12 Is Not Fat,Meg Cabot,81465,2738,3.75,345,2005,True,"['Womens Fiction Chick Lit', 'Mystery', 'Fiction', 'Romance', 'Contemporary', 'Adult', 'Young Adult', 'Humor', 'Adult Fiction', 'Mystery Crime']",0,United States,https://www.goodreads.com//book/show/23220.Size_12_Is_Not_Fat
28,Bloodrose,Andrea Cremer,27506,2283,4.06,406,2012,True,"['Young Adult', 'Fantasy', 'Fantasy Paranormal', 'Shapeshifters Werewolves', 'Romance', 'Fantasy Supernatural', 'Romance Paranormal Romance', 'Fantasy Magic', 'Paranormal Shapeshifters', 'Animals Wolves']",0,,https://www.goodreads.com//book/show/8130839-bloodrose
29,The Chosen,Andrea Buginsky,60,18,3.97,114,2010,False,"['Young Adult', 'Fantasy']",0,,https://www.goodreads.com//book/show/9931985-the-chosen
30,Wolf Brother,Michelle Paver,23029,1586,4.18,295,2006,True,"['Fantasy', 'Young Adult', 'Fiction', 'Adventure', 'Historical Historical Fiction', 'Childrens Middle Grade', 'Historical', 'Childrens', 'Animals', 'Fantasy Magic']",2,,https://www.goodreads.com//book/show/295305.Wolf_Brother
31,Beautiful Bastard,Christina Lauren,160582,9342,4.0,272,2013,True,"['Romance', 'Contemporary', 'Romance Contemporary Romance', 'Adult Fiction Erotica', 'Adult', 'New Adult', 'Romance Erotic Romance', 'Womens Fiction Chick Lit', 'Fiction', 'Humor']",1,United States,https://www.goodreads.com//book/show/16102004-beautiful-bastard
32,Alien Species Intervention,J.K. Accinni,1013,196,3.83,518,2013,True,"['Science Fiction', 'Horror', 'Fantasy Paranormal', 'Science Fiction Aliens', 'Science Fiction Dystopia', 'Fantasy', 'Dark', 'Thriller', 'Young Adult', 'Wildlife']",0,,https://www.goodreads.com//book/show/18874565-alien-species-intervention
33,The Tea Rose,Jennifer Donnelly,33645,3051,4.19,675,2006,True,"['Historical Historical Fiction', 'Romance', 'Fiction', 'Historical', 'Romance Historical Romance', 'Adult', 'European Literature British Literature', 'Mystery', 'Womens Fiction Chick Lit', 'Literature 19th Century']",0,United Kingdom,https://www.goodreads.com//book/show/261331.The_Tea_Rose
34,God of Wine,Mimi Jean Pamfiloff,958,110,4.22,0,2016,True,"['Fantasy Paranormal', 'Romance Paranormal Romance', 'Romance', 'Fantasy Mythology', 'Fantasy', 'Humor', 'Fantasy Supernatural', 'Paranormal Vampires', 'Mythology Gods', 'Romance Fantasy Romance']",0,,https://www.goodreads.com//book/show/32273412-god-of-wine
35,The Blue Castle,L.M. Montgomery,31490,4393,4.27,218,1989,False,"['Classics', 'Fiction', 'Romance', 'Historical Historical Fiction', 'Young Adult', 'Historical', 'Cultural Canada', 'Romance Historical Romance', 'Adult', 'Adult Fiction']",0,Canada,https://www.goodreads.com//book/show/95693.The_Blue_Castle
36,Embrace,Jessica Shirvington,25610,2093,4.01,382,2010,True,"['Young Adult', 'Paranormal Angels', 'Fantasy', 'Fantasy Paranormal', 'Romance', 'Romance Paranormal Romance', 'Fantasy Supernatural', 'Fantasy Urban Fantasy', 'Fiction', 'Fantasy Magic']",0,,https://www.goodreads.com//book/show/8635145-embrace
37,The Drake House,Kelly Moran,193,53,4.04,352,2015,False,"['Romance', 'Fantasy Paranormal', 'Mystery', 'Romance Romantic Suspense', 'Horror Ghost Stories', 'Romance Contemporary Romance', 'Paranormal Ghosts', 'Horror', 'Suspense', 'Romance Paranormal Romance']",0,,https://www.goodreads.com//book/show/16135468-the-drake-house
38,Forbidden,Tabitha Suzuma,56174,9689,4.03,418,2010,False,"['Young Adult', 'Romance', 'Contemporary', 'Fiction', 'Realistic Fiction', 'Dark', 'New Adult', 'Drama', 'Young Adult Young Adult Contemporary', 'Romance Contemporary Romance']",11,United Kingdom,https://www.goodreads.com//book/show/7600924-forbidden
39,The Bridge To Caracas,Stephen Douglass,3417,41,3.56,0,,True,"['Thriller', 'Mystery Crime', 'Romance', 'Drama', 'Contemporary', 'Fiction', 'Business Amazon', 'Suspense', 'Thriller Mystery Thriller']",0,,https://www.goodreads.com//book/show/22842297-the-bridge-to-caracas
40,Magician,Raymond E. Feist,64457,1587,4.28,681,2009,True,"['Fantasy', 'Fiction', 'Fantasy Epic Fantasy', 'Young Adult', 'Childrens', 'Fantasy High Fantasy', 'Adventure', 'Fantasy Magic', 'Childrens Middle Grade', 'Science Fiction Fantasy']",0,,https://www.goodreads.com//book/show/43916.Magician
41,Slated,Teri Terry,26326,2884,4.07,439,2012,True,"['Young Adult', 'Science Fiction Dystopia', 'Science Fiction', 'Romance', 'Fantasy', 'Fiction', 'Mystery', 'Thriller', 'Young Adult Teen', 'Young Adult Young Adult Fantasy']",1,,https://www.goodreads.com//book/show/12743472-slated
42,The Lost Symbol,Dan Brown,541209,27575,3.72,509,2009,True,"['Fiction', 'Mystery', 'Thriller', 'Thriller Mystery Thriller', 'Suspense', 'Adventure', 'Historical Historical Fiction', 'Mystery Crime', 'Novels', 'Adult']",2,United States,https://www.goodreads.com//book/show/6411961-the-lost-symbol
43,The Immortal Life of Henrietta Lacks,Rebecca Skloot,618749,35642,4.07,370,2010,False,"['Nonfiction', 'Science', 'History', 'Biography', 'Health Medicine', 'Audiobook', 'Medical', 'Book Club', 'Historical', 'Biography Memoir']",9,United States,https://www.goodreads.com//book/show/6493208-the-immortal-life-of-henrietta-lacks
44,The Sparrow,Mary Doria Russell,67327,7491,4.12,516,1997,True,"['Science Fiction', 'Fiction', 'Fantasy', 'Religion', 'Science Fiction Fantasy', 'Speculative Fiction', 'Science Fiction Aliens', 'Adult', 'Book Club', 'Novels']",8,Italy,https://www.goodreads.com//book/show/334176.The_Sparrow
45,The Sky Is Everywhere,Jandy Nelson,95262,9522,3.98,275,2010,False,"['Young Adult', 'Contemporary', 'Romance', 'Fiction', 'Realistic Fiction', 'Young Adult Young Adult Contemporary', 'Music', 'Death', 'Young Adult Teen', 'Womens Fiction Chick Lit']",9,United States,https://www.goodreads.com//book/show/6604794-the-sky-is-everywhere
46,Pure,Jennifer L. Armentrout,62030,3816,4.29,329,2012,True,"['Fantasy', 'Young Adult', 'Fantasy Paranormal', 'Romance', 'Fantasy Mythology', 'Romance Paranormal Romance', 'Fantasy Urban Fantasy', 'Fantasy Supernatural', 'Mythology Greek Mythology', 'Fantasy Magic']",0,,https://www.goodreads.com//book/show/9761771-pure
47,The Naming,Alison Croggon,24607,1613,4.02,492,2006,True,"['Fantasy', 'Young Adult', 'Fiction', 'Fantasy Magic', 'Fantasy High Fantasy', 'Young Adult Young Adult Fantasy', 'Adventure', 'Fantasy Epic Fantasy', 'Young Adult Teen', 'Science Fiction Fantasy']",0,,https://www.goodreads.com//book/show/393146.The_Naming
48,The Warded Man,Peter V. Brett,113913,5481,4.23,416,2009,True,"['Fantasy', 'Fiction', 'Fantasy Epic Fantasy', 'Fantasy High Fantasy', 'Fantasy Magic', 'Adventure', 'Paranormal Demons', 'Young Adult', 'Fantasy Dark Fantasy', 'Science Fiction Fantasy']",2,,https://www.goodreads.com//book/show/3428935-the-warded-man
49,Digital Fortress,Dan Brown,577705,9614,3.67,510,2004,False,"['Fiction', 'Thriller', 'Mystery', 'Suspense', 'Mystery Crime', 'Thriller Mystery Thriller', 'Novels', 'Science Fiction', 'Adventure', 'Drama']",0,United States,https://www.goodreads.com//book/show/11125.Digital_Fortress
50,Lifetime of Moratoriums,Rick Copper,6,2,4.17,188,2012,False,[],0,,https://www.goodreads.com//book/show/16182349-lifetime-of-moratoriums
51,Cross Country,Rick Copper,8,2,3.88,206,2011,False,[],0,,https://www.goodreads.com//book/show/16182366-cross-country
52,Since You've Been Gone,Morgan Matson,101157,11176,4.1,449,2014,False,"['Contemporary', 'Young Adult', 'Romance', 'Fiction', 'Young Adult Young Adult Contemporary', 'Realistic Fiction', 'Womens Fiction Chick Lit', 'Audiobook', 'Mystery', 'Young Adult Coming Of Age']",2,United States,https://www.goodreads.com//book/show/18189606-since-you-ve-been-gone
53,Sand,Lili Tufel,131,25,3.61,300,2012,False,"['Romance', 'War Military Fiction', 'Adventure', 'Action', 'Business Amazon']",0,,https://www.goodreads.com//book/show/11195608-sand
54,City of Masks,Mary Hoffman,15573,665,3.92,345,2004,True,"['Fantasy', 'Young Adult', 'Science Fiction Time Travel', 'Historical Historical Fiction', 'Fiction', 'Historical', 'Adventure', 'Romance', 'Childrens', 'Fantasy Magic']",0,Italy,https://www.goodreads.com//book/show/86737.City_of_Masks
55,A Million Suns,Beth Revis,52874,4057,4.02,386,2012,True,"['Young Adult', 'Science Fiction', 'Science Fiction Dystopia', 'Romance', 'Fantasy', 'Fiction', 'Mystery', 'Space', 'Young Adult Teen', 'Futuristic']",0,,https://www.goodreads.com//book/show/10345927-a-million-suns
56,John Belushi Is Dead,Kathy Charles,546,106,3.93,320,2010,False,"['Young Adult', 'Fiction', 'Contemporary', 'Death', 'Mystery', 'Young Adult Teen', 'Romance', 'American Americana', 'Young Adult Coming Of Age', 'Young Adult Young Adult Contemporary']",0,,https://www.goodreads.com//book/show/7706705-john-belushi-is-dead
57,Cut,Patricia McCormick,54677,2831,3.76,151,2002,False,"['Young Adult', 'Fiction', 'Health Mental Health', 'Realistic Fiction', 'Mental Health Mental Illness', 'Contemporary', 'Psychology', 'Young Adult Teen', 'Drama', 'Novels']",1,,https://www.goodreads.com//book/show/662597.Cut
58,Pushing the Limits,Katie McGarry,117772,7831,4.05,392,2012,True,"['Romance', 'Young Adult', 'Contemporary', 'New Adult', 'Romance Contemporary Romance', 'Young Adult High School', 'Realistic Fiction', 'Fiction', 'Young Adult Young Adult Romance', 'Young Adult Young Adult Contemporary']",5,United States,https://www.goodreads.com//book/show/10194514-pushing-the-limits
59,Lover Unleashed,J.R. Ward,87002,4121,4.27,512,2011,True,"['Fantasy Paranormal', 'Romance Paranormal Romance', 'Romance', 'Paranormal Vampires', 'Fantasy', 'Fantasy Urban Fantasy', 'Adult', 'Fiction', 'Adult Fiction Erotica', 'Fantasy Supernatural']",4,United States,https://www.goodreads.com//book/show/8492319-lover-unleashed
60,Key,Rick Copper,8,2,4.38,228,2012,False,[],0,,https://www.goodreads.com//book/show/16182316-key
61,The House at Riverton,Kate Morton,106727,8308,3.94,599,2007,False,"['Historical Historical Fiction', 'Fiction', 'Mystery', 'Historical', 'Romance', 'Gothic', 'European Literature British Literature', 'Adult', 'Adult Fiction', 'Audiobook']",1,United Kingdom,https://www.goodreads.com//book/show/1278752.The_House_at_Riverton
62,Waterfall,Lisa Tawn Bergren,19990,2209,4.03,369,2011,True,"['Science Fiction Time Travel', 'Young Adult', 'Historical Historical Fiction', 'Fantasy', 'Romance', 'Historical', 'Christian Fiction', 'Christian', 'Fiction', 'Science Fiction']",2,Italy,https://www.goodreads.com//book/show/7879278-waterfall
63,Inside Out,Maria V. Snyder,23722,1933,3.82,320,2010,True,"['Young Adult', 'Science Fiction Dystopia', 'Science Fiction', 'Fantasy', 'Romance', 'Fiction', 'Young Adult Teen', 'Adventure', 'Apocalyptic Post Apocalyptic', 'Mystery']",0,,https://www.goodreads.com//book/show/7059135-inside-out
64,Terra Feliz: Vanity,Ginny Bryce,28,4,4.21,212,2011,False,[],0,,https://www.goodreads.com//book/show/14405931-terra-feliz
65,"Bound By Blood: Volume 1 (Bound By Blood, #1)",Shane K.P. O'Neill,273,59,4.41,320,2012,True,"['Horror', 'Paranormal Vampires', 'Romance', 'Gothic', 'Romance Paranormal Romance', 'Fantasy Dark Fantasy', 'Historical', 'Fantasy Paranormal', 'Fantasy', 'Fiction']",0,,https://www.goodreads.com//book/show/16217523-bound-by-blood
66,Bras & Broomsticks,Sarah Mlynowski,9437,621,3.73,310,2006,True,"['Young Adult', 'Fantasy', 'Paranormal Witches', 'Fantasy Magic', 'Womens Fiction Chick Lit', 'Fiction', 'Young Adult Teen', 'Romance', 'Fantasy Paranormal', 'Childrens Middle Grade']",0,United States,https://www.goodreads.com//book/show/26210.Bras_Broomsticks
67,Ugly Love,Colleen Hoover,194503,20934,4.25,337,2014,False,"['Romance', 'New Adult', 'Contemporary', 'Romance Contemporary Romance', 'Fiction', 'Adult', 'Womens Fiction Chick Lit', 'Young Adult', 'Audiobook', 'Drama']",1,United States,https://www.goodreads.com//book/show/17788401-ugly-love
68,North of Beautiful,Justina Chen,35191,2195,3.92,373,2009,False,"['Young Adult', 'Romance', 'Contemporary', 'Realistic Fiction', 'Fiction', 'Young Adult Teen', 'Womens Fiction Chick Lit', 'Young Adult High School', 'Young Adult Coming Of Age', 'Young Adult Young Adult Contemporary']",8,,https://www.goodreads.com//book/show/3238153-north-of-beautiful
69,Neverwhere,Neil Gaiman,448435,23621,4.16,370,2003,True,"['Fantasy', 'Fiction', 'Fantasy Urban Fantasy', 'Audiobook', 'Science Fiction Fantasy', 'Science Fiction', 'Adventure', 'Horror', 'Young Adult', 'Adult']",2,United Kingdom,https://www.goodreads.com//book/show/14497.Neverwhere
70,Hate List,Jennifer Brown,57816,5271,4.0,405,2009,True,"['Young Adult', 'Contemporary', 'Fiction', 'Realistic Fiction', 'Young Adult Teen', 'Young Adult High School', 'Drama', 'Health Mental Health', 'Romance', 'Death']",5,,https://www.goodreads.com//book/show/6316171-hate-list
71,Winter,Marissa Meyer,212951,25789,4.43,827,2015,True,"['Fantasy', 'Young Adult', 'Science Fiction', 'Romance', 'Retellings', 'Science Fiction Dystopia', 'Fiction', 'Fantasy Fairy Tales', 'Audiobook', 'Adventure']",2,,https://www.goodreads.com//book/show/13206900-winter
72,Uprooted,Naomi Novik,183964,23447,4.05,435,2015,False,"['Fantasy', 'Young Adult', 'Fiction', 'Romance', 'Fantasy Magic', 'Fantasy Fairy Tales', 'Fantasy High Fantasy', 'Adult', 'Retellings', 'New Adult']",9,,https://www.goodreads.com//book/show/22544764-uprooted
73,Circle of Five,Jan Raymond,315,80,4.21,352,2014,True,"['Fantasy', 'Young Adult', 'Science Fiction', 'Adventure', 'Science Fiction Aliens', 'Fiction', 'Fantasy Paranormal']",0,,https://www.goodreads.com//book/show/20801439-circle-of-five
74,The Coincidence of Callie & Kayden,Jessica Sorensen,111568,6466,4.18,283,2012,True,"['Romance', 'New Adult', 'Contemporary', 'Young Adult', 'Academic College', 'Romance Contemporary Romance', 'Sociology Abuse', 'Fiction', 'Womens Fiction Chick Lit', 'Drama']",1,United States,https://www.goodreads.com//book/show/16113791-the-coincidence-of-callie-kayden
75,The Friday Night Knitting Club,Kate Jacobs,72078,8750,3.43,352,2007,True,"['Fiction', 'Womens Fiction Chick Lit', 'Crafts Knitting', 'Audiobook', 'Contemporary', 'Adult', 'Romance', 'Adult Fiction', 'Book Club', 'Novels']",0,United States,https://www.goodreads.com//book/show/17204.The_Friday_Night_Knitting_Club
76,Three to Get Deadly,Janet Evanovich,139787,3440,4.14,321,1998,True,"['Mystery', 'Fiction', 'Humor', 'Womens Fiction Chick Lit', 'Romance', 'Mystery Crime', 'Thriller Mystery Thriller', 'Humor Comedy', 'Adult', 'Contemporary']",3,United States,https://www.goodreads.com//book/show/6854.Three_to_Get_Deadly
77,My Name Is Memory,Ann Brashares,30611,5141,3.71,324,2010,False,"['Romance', 'Fiction', 'Fantasy', 'Young Adult', 'Historical Historical Fiction', 'Science Fiction Time Travel', 'Womens Fiction Chick Lit', 'Fantasy Paranormal', 'Adult', 'Contemporary']",0,United States,https://www.goodreads.com//book/show/7135858-my-name-is-memory
78,Illegal,John  Dennehy,854,77,3.68,236,2017,False,"['Autobiography Memoir', 'Travel', 'Nonfiction', 'Love', 'Young Adult Coming Of Age', 'Adventure', 'Race', 'Biography Memoir', 'Romance Love Story']",0,,https://www.goodreads.com//book/show/35894887-illegal
79,Spell Bound,Rachel Hawkins,58897,4138,4.06,327,2012,True,"['Young Adult', 'Fantasy', 'Fantasy Paranormal', 'Fantasy Magic', 'Romance', 'Paranormal Vampires', 'Paranormal Witches', 'Fantasy Supernatural', 'Paranormal Demons', 'Fantasy Urban Fantasy']",0,United States,https://www.goodreads.com//book/show/11454587-spell-bound
80,Prince of Thorns,Mark  Lawrence,100361,6928,3.85,373,2011,True,"['Fantasy', 'Fiction', 'Fantasy Dark Fantasy', 'Fantasy Epic Fantasy', 'Fantasy High Fantasy', 'Young Adult', 'Adult', 'Dark', 'Apocalyptic Post Apocalyptic', 'Adventure']",3,,https://www.goodreads.com//book/show/9579634-prince-of-thorns
81,East,Edith Pattou,40349,2836,4.14,507,2005,True,"['Fantasy', 'Young Adult', 'Fantasy Fairy Tales', 'Romance', 'Retellings', 'Fiction', 'Adventure', 'Childrens Middle Grade', 'Fantasy Magic', 'Young Adult Young Adult Fantasy']",2,Norway,https://www.goodreads.com//book/show/161887.East
82,The Coldest Winter Ever,Sister Souljah,33369,2532,4.47,430,2006,True,"['Fiction', 'Cultural African American', 'Urban', 'Young Adult', 'Adult', 'Adult Fiction', 'Contemporary', 'Novels', 'Classics', 'Realistic Fiction']",0,,https://www.goodreads.com//book/show/106393.The_Coldest_Winter_Ever
83,"Blood Meridian, or the Evening Redness in the West",Cormac McCarthy,113876,10234,4.16,351,1992,False,"['Fiction', 'Historical Historical Fiction', 'Westerns', 'Classics', 'Literature', 'Novels', 'Literature American', 'Horror', 'Historical', 'Literary Fiction']",0,United States,https://www.goodreads.com//book/show/394535.Blood_Meridian_or_the_Evening_Redness_in_the_West
84,Peace Like a River,Leif Enger,84454,7996,3.98,312,2002,False,"['Fiction', 'Historical Historical Fiction', 'Book Club', 'Adult Fiction', 'Novels', 'Literary Fiction', 'Adult', 'Contemporary', 'Young Adult Coming Of Age', 'Family']",4,United States,https://www.goodreads.com//book/show/227571.Peace_Like_a_River
85,The Prophecy of the Stones,Flavia Bujor,5982,509,3.5,386,2005,False,"['Fantasy', 'Young Adult', 'Childrens', 'Fiction', 'Romance', 'Adventure', 'Childrens Middle Grade', 'Fantasy Magic', 'Fantasy High Fantasy', 'Young Adult Young Adult Fantasy']",0,,https://www.goodreads.com//book/show/1071955.The_Prophecy_of_the_Stones
86,The Battle for Skandia,John Flanagan,82496,2052,4.34,294,2008,True,"['Fantasy', 'Young Adult', 'Adventure', 'Fiction', 'Childrens Middle Grade', 'Action', 'Young Adult Young Adult Fantasy', 'Childrens', 'Young Adult Teen', 'Historical Medieval']",0,,https://www.goodreads.com//book/show/144350.The_Battle_for_Skandia
87,Stargazer,Claudia Gray,55271,1462,3.8,329,2009,True,"['Young Adult', 'Paranormal Vampires', 'Fantasy', 'Fantasy Paranormal', 'Romance', 'Romance Paranormal Romance', 'Fantasy Supernatural', 'Fantasy Urban Fantasy', 'Paranormal Ghosts', 'Fiction']",0,,https://www.goodreads.com//book/show/3054684-stargazer
88,Grave Sight,Charlaine Harris,62210,2578,3.86,293,2006,True,"['Mystery', 'Fantasy Paranormal', 'Fantasy', 'Fantasy Urban Fantasy', 'Fiction', 'Fantasy Supernatural', 'Mystery Crime', 'Romance', 'Adult', 'Romance Paranormal Romance']",0,United States,https://www.goodreads.com//book/show/58077.Grave_Sight
89,Dominoes,C.B. Blaha,92,24,4.63,688,2014,True,"['Thriller', 'Mystery', 'Suspense', 'Literary Fiction', 'Drama', 'Family']",0,,https://www.goodreads.com//book/show/20348199-dominoes
90,Of Poseidon,Anna Banks,48054,4604,4.01,324,2012,True,"['Fantasy', 'Young Adult', 'Romance', 'Mythology Mermaids', 'Fantasy Paranormal', 'Fantasy Mythology', 'Romance Paranormal Romance', 'Fiction', 'Fantasy Supernatural', 'Young Adult Young Adult Fantasy']",1,United States,https://www.goodreads.com//book/show/12425532-of-poseidon
91,Magic Bleeds,Ilona Andrews,74028,3319,4.44,349,2010,True,"['Fantasy Urban Fantasy', 'Fantasy', 'Fantasy Paranormal', 'Romance', 'Fantasy Magic', 'Paranormal Vampires', 'Romance Paranormal Romance', 'Paranormal Shapeshifters', 'Adult', 'Shapeshifters Werewolves']",3,United States,https://www.goodreads.com//book/show/6479550-magic-bleeds
92,This Side of the Grave,Jeaniene Frost,59733,2445,4.26,357,2011,True,"['Paranormal Vampires', 'Fantasy Paranormal', 'Fantasy Urban Fantasy', 'Romance Paranormal Romance', 'Romance', 'Fantasy', 'Adult', 'Paranormal Ghosts', 'Fantasy Supernatural', 'Fiction']",1,United States,https://www.goodreads.com//book/show/6871617-this-side-of-the-grave
93,Resonance,Nelou Keramati,328,201,4.14,350,2016,True,"['Fantasy', 'Young Adult', 'Romance', 'Fantasy Urban Fantasy', 'Science Fiction', 'Young Adult Young Adult Fantasy', 'New Adult', 'Fantasy Paranormal', 'Romance Paranormal Romance', 'Fiction']",0,,https://www.goodreads.com//book/show/29090898-resonance
94,Boy's Life,Robert R. McCammon,27226,3048,4.36,580,1992,False,"['Horror', 'Fiction', 'Fantasy', 'Mystery', 'Young Adult Coming Of Age', 'Magical Realism', 'Young Adult', 'Thriller', 'Historical Historical Fiction', 'Adventure']",3,United States,https://www.goodreads.com//book/show/11553.Boy_s_Life
95,Eyes Like Stars,Lisa Mantchev,12420,1385,3.72,352,2009,True,"['Fantasy', 'Young Adult', 'Romance', 'Fantasy Magic', 'Fiction', 'Paranormal Fairies', 'Young Adult Young Adult Fantasy', 'Fantasy Paranormal', 'Fairies Fae', 'Young Adult Teen']",2,,https://www.goodreads.com//book/show/3817859-eyes-like-stars
96,State of Fear,Michael Crichton,83146,3285,3.71,672,2005,False,"['Fiction', 'Thriller', 'Science Fiction', 'Mystery', 'Suspense', 'Thriller Mystery Thriller', 'Adventure', 'Novels', 'Politics', 'Adult']",0,,https://www.goodreads.com//book/show/15860.State_of_Fear
97,The Girl of Fire and Thorns,Rae Carson,76767,7278,3.79,423,2011,True,"['Fantasy', 'Young Adult', 'Romance', 'Young Adult Young Adult Fantasy', 'Fantasy Magic', 'Fiction', 'Fantasy High Fantasy', 'Adventure', 'Young Adult Teen', 'Fantasy Paranormal']",5,,https://www.goodreads.com//book/show/10429092-the-girl-of-fire-and-thorns
98,Academy 7,Anne Osterlund,6536,768,3.81,272,2009,False,"['Young Adult', 'Science Fiction', 'Romance', 'Fantasy', 'Fiction', 'Young Adult Teen', 'Science Fiction Dystopia', 'Adventure', 'Space', 'School Stories Boarding School']",1,,https://www.goodreads.com//book/show/5711714-academy-7
99,Point Blank,Anthony Horowitz,52516,2268,4.11,274,2001,True,"['Young Adult', 'Fiction', 'Adventure', 'Mystery', 'Action', 'Spy Thriller Espionage', 'Thriller', 'Childrens', 'Young Adult Teen', 'Realistic Fiction']",2,France,https://www.goodreads.com//book/show/224500.Point_Blank
100,Destroy Me,Tahereh Mafi,75804,7532,4.2,111,2012,True,"['Young Adult', 'Science Fiction Dystopia', 'Fantasy', 'Romance', 'Novella', 'Short Stories', 'Fantasy Paranormal', 'Science Fiction', 'Fiction', 'Young Adult Young Adult Fantasy']",0,,https://www.goodreads.com//book/show/13623150-destroy-me
101,Insomnia,Stephen King,137431,3588,3.82,890,2005,False,"['Horror', 'Fiction', 'Fantasy', 'Thriller', 'Fantasy Supernatural', 'Mystery', 'Suspense', 'Fantasy Paranormal', 'Novels', 'Science Fiction']",1,United States,https://www.goodreads.com//book/show/10585.Insomnia
102,Still Missing,Chevy Stevens,66907,6998,3.98,352,2010,False,"['Mystery', 'Fiction', 'Thriller', 'Suspense', 'Thriller Mystery Thriller', 'Mystery Crime', 'Drama', 'Contemporary', 'Adult Fiction', 'Novels']",2,Canada,https://www.goodreads.com//book/show/7159515-still-missing
103,The Blade Itself,Joe Abercrombie,177210,9624,4.17,515,2007,True,"['Fantasy', 'Fiction', 'Fantasy Epic Fantasy', 'Fantasy High Fantasy', 'Adventure', 'Fantasy Dark Fantasy', 'Adult', 'Audiobook', 'Science Fiction Fantasy', 'Fantasy Magic']",3,,https://www.goodreads.com//book/show/944073.The_Blade_Itself
104,In and Out of Step,Christine M. Knight,104,69,4.04,482,2013,False,['Fiction'],0,,https://www.goodreads.com//book/show/9634643-in-and-out-of-step
105,Boundless,Cynthia Hand,45543,3948,4.12,448,2013,True,"['Young Adult', 'Paranormal Angels', 'Fantasy', 'Fantasy Paranormal', 'Romance', 'Romance Paranormal Romance', 'Fantasy Supernatural', 'Fantasy Urban Fantasy', 'Fiction', 'Young Adult Young Adult Paranormal']",0,United States,https://www.goodreads.com//book/show/13049981-boundless
106,The Nanny Song,Misty Mount,861,39,4.24,318,2018,False,"['Fiction', 'Young Adult', 'New Adult', 'Contemporary', 'Adult', 'Romance Contemporary Romance', 'Romance', 'Novels', 'Romance Love Story', 'Womens Fiction Chick Lit']",0,,https://www.goodreads.com//book/show/40111371-the-nanny-song
107,Eden Forest,Aoife Marie Sheridan,262,105,4.15,210,2012,True,"['Young Adult', 'Fantasy Paranormal', 'Fantasy Urban Fantasy', 'Fiction', 'Romance', 'Romance Paranormal Romance', 'Science Fiction Fantasy', 'Paranormal Angels']",0,Denmark,https://www.goodreads.com//book/show/16076847-eden-forest
108,Colel,Mimi Jean Pamfiloff,375,106,4.32,320,2019,True,"['Fantasy Paranormal', 'Romance', 'Fantasy Mythology', 'Fantasy', 'Romance Paranormal Romance', 'Paranormal Vampires', 'Humor Comedy', 'Humor', 'Fantasy Supernatural', 'Fantasy Magic']",0,,https://www.goodreads.com//book/show/44600270-colel
109,Unraveling,Elizabeth Norris,18464,1924,3.83,464,2012,True,"['Young Adult', 'Science Fiction', 'Fantasy Paranormal', 'Romance', 'Fantasy', 'Mystery', 'Science Fiction Dystopia', 'Fiction', 'Fantasy Supernatural', 'Fantasy Urban Fantasy']",0,United States,https://www.goodreads.com//book/show/12157365-unraveling
110,Defending Jacob,William Landay,273915,21587,3.99,421,2012,False,"['Fiction', 'Mystery', 'Thriller', 'Mystery Crime', 'Suspense', 'Thriller Mystery Thriller', 'Audiobook', 'Book Club', 'Drama', 'Adult']",4,United States,https://www.goodreads.com//book/show/11367726-defending-jacob
111,The Language of Flowers,Vanessa Diffenbaugh,199372,20118,4.08,323,2011,False,"['Fiction', 'Romance', 'Contemporary', 'Book Club', 'Adult Fiction', 'Adult', 'Womens Fiction Chick Lit', 'Audiobook', 'Realistic Fiction', 'Novels']",1,United States,https://www.goodreads.com//book/show/10032672-the-language-of-flowers
112,Explosion in Paris,Linda Masemore Pirrung,3093,101,3.5,408,2009,False,"['Romance', 'Womens Fiction Chick Lit', 'Contemporary', 'Adult', 'Mystery', 'Fiction']",0,,https://www.goodreads.com//book/show/6447501-explosion-in-paris
113,Fever 1793,Laurie Halse Anderson,110965,6424,3.91,252,2000,False,"['Historical Historical Fiction', 'Young Adult', 'Fiction', 'Historical', 'Childrens Middle Grade', 'Childrens', 'Young Adult Teen', 'Academic School', 'Adventure Survival', 'Audiobook']",3,United States,https://www.goodreads.com//book/show/781110.Fever_1793
114,Impulse,Ellen Hopkins,70644,3527,4.27,666,2007,True,"['Young Adult', 'Poetry', 'Fiction', 'Contemporary', 'Health Mental Health', 'Realistic Fiction', 'Mental Health Mental Illness', 'Young Adult Teen', 'Romance', 'Sociology Abuse']",2,United States,https://www.goodreads.com//book/show/270805.Impulse
115,Homeland,R.A. Salvatore,78865,2471,4.23,343,2005,True,"['Fantasy', 'Dungeons and Dragons Forgotten Realms', 'Fiction', 'Fantasy High Fantasy', 'Adventure', 'Fantasy Epic Fantasy', 'Young Adult', 'Science Fiction Fantasy', 'Childrens', 'Role Playing Games Dungeons and Dragons']",0,,https://www.goodreads.com//book/show/50027.Homeland
116,Hunting Ground,Patricia Briggs,62674,2265,4.26,286,2009,True,"['Fantasy Urban Fantasy', 'Fantasy', 'Fantasy Paranormal', 'Romance', 'Romance Paranormal Romance', 'Shapeshifters Werewolves', 'Paranormal Vampires', 'Paranormal Shapeshifters', 'Fiction', 'Fantasy Magic']",1,United States,https://www.goodreads.com//book/show/5292853-hunting-ground
117,Magic Strikes,Ilona Andrews,75431,3585,4.42,310,2009,True,"['Fantasy Urban Fantasy', 'Fantasy', 'Fantasy Paranormal', 'Romance', 'Fantasy Magic', 'Paranormal Vampires', 'Romance Paranormal Romance', 'Fiction', 'Paranormal Shapeshifters', 'Adult']",0,United States,https://www.goodreads.com//book/show/4345498-magic-strikes
118,The Blue Sword,Robin McKinley,60750,2949,4.18,256,1987,True,"['Fantasy', 'Young Adult', 'Fiction', 'Adventure', 'Romance', 'Fantasy Magic', 'Young Adult Young Adult Fantasy', 'Childrens', 'Fantasy High Fantasy', 'Science Fiction Fantasy']",2,,https://www.goodreads.com//book/show/407813.The_Blue_Sword
119,The Journal of Curious Letters,James Dashner,11607,1137,3.94,432,2008,True,"['Fantasy', 'Young Adult', 'Science Fiction', 'Fiction', 'Adventure', 'Childrens Middle Grade', 'Mystery', 'Childrens', 'Fantasy Magic', 'Science Fiction Fantasy']",0,,https://www.goodreads.com//book/show/2219694.The_Journal_of_Curious_Letters
120,Phenomena: The Lost and Forgotten Children,Susan Tarr,393,69,4.16,222,2014,False,"['Historical Historical Fiction', 'Health Mental Health', 'Psychology', 'Inspirational', 'Childrens', 'Fiction', 'Pseudoscience Eugenics', 'Historical', 'Medical', 'Mental Health Mental Illness']",0,,https://www.goodreads.com//book/show/20739906-phenomena
121,Origin,Jennifer L. Armentrout,96613,7741,4.35,374,2013,True,"['Young Adult', 'Fantasy Paranormal', 'Romance', 'Fantasy', 'Science Fiction Aliens', 'Science Fiction', 'Romance Paranormal Romance', 'Fantasy Supernatural', 'Fantasy Urban Fantasy', 'New Adult']",0,United States,https://www.goodreads.com//book/show/13644052-origin
122,The Dark Divine,Bree Despain,38182,2528,3.79,372,2009,True,"['Young Adult', 'Fantasy Paranormal', 'Fantasy', 'Shapeshifters Werewolves', 'Romance', 'Romance Paranormal Romance', 'Fantasy Supernatural', 'Fiction', 'Fantasy Urban Fantasy', 'Young Adult Young Adult Paranormal']",0,,https://www.goodreads.com//book/show/6380822-the-dark-divine
123,Notice Me,Emem Uko,588,6,4.26,266,2018,False,"['Contemporary', 'Young Adult', 'Fiction', 'New Adult', 'Adult', 'Novels', 'Childrens Middle Grade', 'Romance Love Story', 'Young Adult Teen', 'Music']",0,,https://www.goodreads.com//book/show/38495676-notice-me
124,A Bend in the Road,Nicholas Sparks,139790,4016,4.03,341,2005,False,"['Romance', 'Fiction', 'Womens Fiction Chick Lit', 'Contemporary', 'Adult', 'Adult Fiction', 'Romance Contemporary Romance', 'Mystery', 'Drama', 'Love']",0,United States,https://www.goodreads.com//book/show/3463.A_Bend_in_the_Road
125,The Mighty Storm,Samantha Towle,71174,3719,4.17,442,2012,True,"['Romance', 'Romance Contemporary Romance', 'Contemporary', 'New Adult', 'Music', 'Adult', 'Adult Fiction Erotica', 'Music Musicians', 'Romance Erotic Romance', 'Womens Fiction Chick Lit']",0,,https://www.goodreads.com//book/show/15724654-the-mighty-storm
126,Dancing with a Dead Horse,Danielle DeVor,118,19,4.14,193,2014,False,"['Horror', 'Young Adult', 'Mystery', 'Fantasy Paranormal', 'Fiction', 'Thriller', 'Thriller Mystery Thriller']",0,,https://www.goodreads.com//book/show/21956849-dancing-with-a-dead-horse
127,Beat the Reaper,Josh Bazell,15394,2443,3.78,310,2009,True,"['Fiction', 'Thriller', 'Mystery', 'Mystery Crime', 'Humor', 'Thriller Mystery Thriller', 'Audiobook', 'Suspense', 'Medical', 'Health Medicine']",3,,https://www.goodreads.com//book/show/3173125-beat-the-reaper
128,High Five,Janet Evanovich,118970,2623,4.18,336,2000,True,"['Mystery', 'Fiction', 'Humor', 'Womens Fiction Chick Lit', 'Romance', 'Mystery Crime', 'Humor Comedy', 'Contemporary', 'Thriller Mystery Thriller', 'Adult']",3,United States,https://www.goodreads.com//book/show/6423.High_Five
129,Entwined with You,Sylvia Day,183426,10170,4.19,356,2013,True,"['Romance', 'Adult Fiction Erotica', 'Contemporary', 'Romance Contemporary Romance', 'Adult', 'Romance Erotic Romance', 'Erotica BDSM', 'Fiction', 'New Adult', 'Womens Fiction Chick Lit']",1,United States,https://www.goodreads.com//book/show/15731779-entwined-with-you
130,I Am Wolf,Joann Buchanan,138,41,4.28,300,2012,True,"['Fantasy Paranormal', 'Fantasy', 'Young Adult', 'Horror', 'Shapeshifters Werewolves', 'Fiction', 'Paranormal Shapeshifters']",0,,https://www.goodreads.com//book/show/13338730-i-am-wolf
131,The Secret History of the Pink Carnation,Lauren Willig,21962,2261,3.68,428,2006,True,"['Historical Historical Fiction', 'Romance', 'Mystery', 'Fiction', 'Historical', 'Romance Historical Romance', 'Womens Fiction Chick Lit', 'Adult', 'European Literature British Literature', 'Historical Regency']",0,United Kingdom,https://www.goodreads.com//book/show/84351.The_Secret_History_of_the_Pink_Carnation
132,Lady Midnight,Cassandra Clare,185228,18688,4.37,668,2016,True,"['Fantasy', 'Young Adult', 'Romance', 'Fantasy Paranormal', 'Fantasy Urban Fantasy', 'Young Adult Young Adult Fantasy', 'Fiction', 'Fantasy Magic', 'Paranormal Angels', 'Paranormal Vampires']",1,United States,https://www.goodreads.com//book/show/25494343-lady-midnight
133,The Terror,Dan Simmons,47950,4831,4.03,769,2007,False,"['Horror', 'Historical Historical Fiction', 'Fiction', 'Fantasy', 'Historical', 'Thriller', 'Adventure', 'Mystery', 'Audiobook', 'Adventure Survival']",4,Canada,https://www.goodreads.com//book/show/3974.The_Terror
134,The Absolutely True Diary of a Part-Time Indian,Sherman Alexie,235581,24234,4.09,230,2007,False,"['Young Adult', 'Fiction', 'Contemporary', 'Realistic Fiction', 'Humor', 'Young Adult Coming Of Age', 'Young Adult Teen', 'Academic School', 'Audiobook', 'Literature Banned Books']",16,United States,https://www.goodreads.com//book/show/693208.The_Absolutely_True_Diary_of_a_Part_Time_Indian
135,Taking Chances,Molly McAdams,45318,5452,3.85,432,2012,True,"['Romance', 'New Adult', 'Contemporary', 'Young Adult', 'Academic College', 'Romance Contemporary Romance', 'Womens Fiction Chick Lit', 'Fiction', 'Drama', 'Love']",0,,https://www.goodreads.com//book/show/15739018-taking-chances
136,The Song of Achilles,Madeline Miller,315145,38826,4.39,352,2011,False,"['Historical Historical Fiction', 'Fantasy', 'Fiction', 'Fantasy Mythology', 'LGBT', 'Romance', 'Historical', 'Retellings', 'GLBT Queer', 'Audiobook']",4,Greece,https://www.goodreads.com//book/show/11250317-the-song-of-achilles
137,The Soldier's Wife,Margaret Leroy,14278,1527,3.89,404,2011,False,"['Historical Historical Fiction', 'Fiction', 'War World War II', 'Romance', 'Historical', 'War', 'Adult Fiction', 'Womens Fiction Chick Lit', 'European Literature British Literature', 'Romance Historical Romance']",1,,https://www.goodreads.com//book/show/10518423-the-soldier-s-wife
138,Red Storm Rising,Tom Clancy,71064,1134,4.18,0,1988,False,"['Fiction', 'Thriller', 'War Military Fiction', 'War', 'Action', 'Spy Thriller Espionage', 'Suspense', 'Adventure', 'Mystery', 'Historical Historical Fiction']",0,,https://www.goodreads.com//book/show/318525.Red_Storm_Rising
139,Archer's Voice,Mia Sheridan,87943,10270,4.38,345,2016,False,"['Romance', 'New Adult', 'Contemporary', 'Romance Contemporary Romance', 'Adult', 'Disability', 'Fiction', 'Sociology Abuse', 'Drama', 'Adult Fiction Erotica']",1,United States,https://www.goodreads.com//book/show/32822135-archer-s-voice
140,Swan Song,Robert R. McCammon,57136,3737,4.28,956,1987,False,"['Horror', 'Fiction', 'Apocalyptic Post Apocalyptic', 'Fantasy', 'Science Fiction', 'Science Fiction Dystopia', 'Science Fiction Apocalyptic', 'Thriller', 'Audiobook', 'Science Fiction Fantasy']",3,United States,https://www.goodreads.com//book/show/11557.Swan_Song
141,Crown Duel,Sherwood Smith,24365,1048,4.19,471,2002,True,"['Fantasy', 'Young Adult', 'Romance', 'Fiction', 'Adventure', 'Young Adult Young Adult Fantasy', 'Fantasy Magic', 'Fantasy High Fantasy', 'Science Fiction Fantasy', 'Historical Historical Fiction']",0,,https://www.goodreads.com//book/show/21060.Crown_Duel
142,United We Spy,Ally Carter,31073,2488,4.44,296,2013,True,"['Young Adult', 'Mystery', 'Romance', 'Contemporary', 'Spy Thriller Espionage', 'Fiction', 'Adventure', 'Action', 'Young Adult Teen', 'Womens Fiction Chick Lit']",1,,https://www.goodreads.com//book/show/13580951-united-we-spy
143,The Novice,Trudi Canavan,55560,1434,4.05,577,2004,True,"['Fantasy', 'Young Adult', 'Fantasy Magic', 'Fiction', 'Fantasy High Fantasy', 'Adventure', 'Fantasy Epic Fantasy', 'Childrens', 'Childrens Middle Grade', 'Science Fiction Fantasy']",0,,https://www.goodreads.com//book/show/28250.The_Novice
144,Hot Six,Janet Evanovich,120848,2471,4.18,336,2001,True,"['Mystery', 'Fiction', 'Humor', 'Womens Fiction Chick Lit', 'Romance', 'Mystery Crime', 'Humor Comedy', 'Contemporary', 'Adult', 'Thriller Mystery Thriller']",2,United States,https://www.goodreads.com//book/show/6858.Hot_Six
145,The Wishing Spell,Chris Colfer,105080,8800,4.24,438,2012,True,"['Fantasy', 'Childrens Middle Grade', 'Childrens', 'Fiction', 'Young Adult', 'Fantasy Fairy Tales', 'Adventure', 'Audiobook', 'Fantasy Magic', 'Retellings']",1,,https://www.goodreads.com//book/show/11607446-the-wishing-spell
146,A Voice in the Wind,Francine Rivers,77485,3497,4.56,520,1998,True,"['Christian Fiction', 'Historical Historical Fiction', 'Christian', 'Fiction', 'Romance', 'Historical', 'Romance Historical Romance', 'Adult', 'Romance Christian Romance', 'Religion']",0,,https://www.goodreads.com//book/show/95617.A_Voice_in_the_Wind
147,Perdido Street Station,China Mi√©ville,65045,4960,3.95,623,2003,True,"['Fantasy', 'Fiction', 'Science Fiction', 'Science Fiction Steampunk', 'Fantasy Urban Fantasy', 'Horror', 'Weird Fiction New Weird', 'Science Fiction Fantasy', 'Fantasy Weird Fiction', 'Speculative Fiction']",14,,https://www.goodreads.com//book/show/68494.Perdido_Street_Station
148,Furies of Calderon,Jim Butcher,100910,4218,4.11,504,2005,True,"['Fantasy', 'Fiction', 'Fantasy Epic Fantasy', 'Fantasy High Fantasy', 'Fantasy Magic', 'Adventure', 'Young Adult', 'Science Fiction Fantasy', 'Audiobook', 'Adult']",0,,https://www.goodreads.com//book/show/29396.Furies_of_Calderon
149,Every Which Way But Dead,Kim Harrison,67867,1489,4.28,501,2005,True,"['Fantasy Urban Fantasy', 'Fantasy', 'Fantasy Paranormal', 'Paranormal Vampires', 'Paranormal Witches', 'Fantasy Magic', 'Fiction', 'Romance', 'Paranormal Demons', 'Fantasy Supernatural']",0,United States,https://www.goodreads.com//book/show/30263.Every_Which_Way_But_Dead
150,Firefly Lane,Kristin Hannah,242346,19535,4.11,479,2008,True,"['Fiction', 'Womens Fiction Chick Lit', 'Romance', 'Contemporary', 'Adult', 'Adult Fiction', 'Audiobook', 'Drama', 'Historical Historical Fiction', 'Womens Fiction']",1,United States,https://www.goodreads.com//book/show/1472878.Firefly_Lane
151,Without Remorse,Tom Clancy,64833,1406,4.18,750,1994,True,"['Fiction', 'Thriller', 'Action', 'Spy Thriller Espionage', 'War Military Fiction', 'Suspense', 'Mystery', 'Adventure', 'Thriller Mystery Thriller', 'War']",0,United States,https://www.goodreads.com//book/show/19668.Without_Remorse
152,Wake,Amanda Hocking,22871,2437,3.69,309,2012,True,"['Fantasy', 'Young Adult', 'Mythology Mermaids', 'Fantasy Paranormal', 'Romance', 'Fantasy Mythology', 'Fiction', 'Fantasy Supernatural', 'Romance Paranormal Romance', 'Fantasy Urban Fantasy']",0,United States,https://www.goodreads.com//book/show/10586539-wake
153,Unfaithful,Elisa S. Amore,2648,209,4.32,0,2016,True,"['Fantasy Paranormal', 'Romance', 'Paranormal Angels', 'Young Adult', 'Fantasy', 'Fantasy Urban Fantasy', 'Romance Paranormal Romance', 'Young Adult Young Adult Fantasy', 'Fantasy Mythology']",0,,https://www.goodreads.com//book/show/29543118-unfaithful
154,Shadow of Night,Deborah Harkness,199451,16516,4.05,584,2012,True,"['Fantasy', 'Fiction', 'Romance', 'Fantasy Paranormal', 'Historical Historical Fiction', 'Paranormal Vampires', 'Paranormal Witches', 'Science Fiction Time Travel', 'Fantasy Magic', 'Fantasy Urban Fantasy']",1,United Kingdom,https://www.goodreads.com//book/show/11559200-shadow-of-night
155,Warbreaker,Brandon Sanderson,130091,9717,4.26,688,2009,True,"['Fantasy', 'Fiction', 'Fantasy High Fantasy', 'Fantasy Epic Fantasy', 'Adult', 'Audiobook', 'Fantasy Magic', 'Science Fiction Fantasy', 'Young Adult', 'Adventure']",1,,https://www.goodreads.com//book/show/1268479.Warbreaker
156,A Countess Below Stairs,Eva Ibbotson,19481,1915,3.88,383,2007,False,"['Historical Historical Fiction', 'Romance', 'Young Adult', 'Historical', 'Fiction', 'Romance Historical Romance', 'Young Adult Teen', 'Cultural Russia', 'Womens Fiction Chick Lit', 'European Literature British Literature']",0,,https://www.goodreads.com//book/show/714569.A_Countess_Below_Stairs
157,"The Good, the Bad, and the Undead",Kim Harrison,62703,1960,4.24,453,2005,True,"['Fantasy Urban Fantasy', 'Fantasy', 'Fantasy Paranormal', 'Paranormal Vampires', 'Paranormal Witches', 'Fantasy Magic', 'Fiction', 'Paranormal Demons', 'Fantasy Supernatural', 'Romance']",0,United States,https://www.goodreads.com//book/show/30262.The_Good_the_Bad_and_the_Undead
158,The Testing,Joelle Charbonneau,63824,6911,4.03,325,2013,True,"['Science Fiction Dystopia', 'Young Adult', 'Science Fiction', 'Fiction', 'Romance', 'Fantasy', 'Apocalyptic Post Apocalyptic', 'Adventure', 'Young Adult Teen', 'Adventure Survival']",4,,https://www.goodreads.com//book/show/13326831-the-testing
159,Rumors,Anna Godbersen,37993,1893,3.85,423,2008,True,"['Historical Historical Fiction', 'Young Adult', 'Romance', 'Historical', 'Fiction', 'Womens Fiction Chick Lit', 'Young Adult Teen', 'Romance Historical Romance', 'Drama', 'Literature 19th Century']",0,,https://www.goodreads.com//book/show/2218252.Rumors
160,Tiger's Quest,Colleen Houck,36986,2853,4.32,479,2011,True,"['Fantasy', 'Young Adult', 'Romance', 'Fantasy Mythology', 'Fantasy Paranormal', 'Fantasy Magic', 'Adventure', 'Fiction', 'Romance Paranormal Romance', 'Fantasy Urban Fantasy']",0,United States,https://www.goodreads.com//book/show/9662386-tiger-s-quest
161,Seven Up,Janet Evanovich,118280,2200,4.14,337,2002,True,"['Mystery', 'Fiction', 'Humor', 'Womens Fiction Chick Lit', 'Romance', 'Mystery Crime', 'Humor Comedy', 'Thriller Mystery Thriller', 'Contemporary', 'Adult']",0,United States,https://www.goodreads.com//book/show/6424.Seven_Up
162,Siege and Storm,Leigh Bardugo,253224,27510,3.93,435,2013,True,"['Fantasy', 'Young Adult', 'Romance', 'Young Adult Young Adult Fantasy', 'Fantasy Magic', 'Fiction', 'Fantasy High Fantasy', 'Adventure', 'Audiobook', 'Fantasy Paranormal']",1,,https://www.goodreads.com//book/show/14061955-siege-and-storm
163,Carry On,Rainbow Rowell,230549,28967,4.21,522,2017,True,"['Fantasy', 'Young Adult', 'LGBT', 'Romance', 'Fiction', 'Fantasy Magic', 'GLBT Queer', 'Paranormal Vampires', 'Audiobook', 'Young Adult Young Adult Fantasy']",3,,https://www.goodreads.com//book/show/32768522-carry-on
164,Keeping Faith,Jodi Picoult,78956,3831,3.8,422,2006,False,"['Fiction', 'Contemporary', 'Womens Fiction Chick Lit', 'Drama', 'Adult Fiction', 'Adult', 'Religion', 'Romance', 'Novels', 'Family']",0,United States,https://www.goodreads.com//book/show/10913.Keeping_Faith
165,It's Not Summer Without You,Jenny Han,116198,5698,4.08,275,2010,True,"['Young Adult', 'Romance', 'Contemporary', 'Fiction', 'Womens Fiction Chick Lit', 'Realistic Fiction', 'Young Adult Young Adult Contemporary', 'Young Adult Teen', 'Young Adult Young Adult Romance', 'Romance Contemporary Romance']",1,United States,https://www.goodreads.com//book/show/6584188-it-s-not-summer-without-you
166,Bunnicula,Deborah Howe,63824,2557,3.86,98,2006,True,"['Childrens', 'Fiction', 'Fantasy', 'Mystery', 'Horror', 'Animals', 'Childrens Middle Grade', 'Young Adult', 'Humor', 'Paranormal Vampires']",12,,https://www.goodreads.com//book/show/281235.Bunnicula
167,Beauty: A Retelling of the Story of Beauty and the Beast,Robin McKinley,74899,5244,4.05,256,1993,True,"['Fantasy', 'Young Adult', 'Romance', 'Fantasy Fairy Tales', 'Fiction', 'Retellings', 'Fairy Tales Beauty and The Beast', 'Fairy Tales Fairy Tale Retellings', 'Fantasy Magic', 'Young Adult Young Adult Fantasy']",1,,https://www.goodreads.com//book/show/41424.Beauty
168,The Diviners,Libba Bray,90640,12553,3.93,578,2012,True,"['Fantasy', 'Young Adult', 'Historical Historical Fiction', 'Fantasy Paranormal', 'Mystery', 'Historical', 'Horror', 'Fiction', 'Audiobook', 'Fantasy Supernatural']",8,United States,https://www.goodreads.com//book/show/7728889-the-diviners
169,A is for Alibi,Sue Grafton,166904,4893,3.86,308,2005,True,"['Mystery', 'Fiction', 'Mystery Crime', 'Thriller Mystery Thriller', 'Thriller', 'Mystery Detective', 'Audiobook', 'Suspense', 'Adult', 'Mystery Murder Mystery']",1,United States,https://www.goodreads.com//book/show/64863.A_is_for_Alibi
170,"Wood, Talc and Mr. J",Chris   Rose,165,28,4.35,275,2014,False,"['Fiction', 'Music', 'Politics', 'Literature', 'Young Adult Coming Of Age', 'Unfinished', 'Literary Fiction', 'Humor', 'Adventure', 'Cities Urbanism']",0,,https://www.goodreads.com//book/show/22752404-wood-talc-and-mr-j
171,Archangel's Kiss,Nalini Singh,52466,2328,4.2,323,2010,True,"['Fantasy Paranormal', 'Fantasy Urban Fantasy', 'Romance Paranormal Romance', 'Romance', 'Paranormal Angels', 'Fantasy', 'Paranormal Vampires', 'Adult', 'Fantasy Supernatural', 'Fiction']",2,,https://www.goodreads.com//book/show/6582637-archangel-s-kiss
172,Amy & Roger's Epic Detour,Morgan Matson,91228,8716,3.99,343,2010,False,"['Young Adult', 'Contemporary', 'Romance', 'Fiction', 'Travel Road Trip', 'Realistic Fiction', 'Young Adult Young Adult Contemporary', 'Travel', 'Womens Fiction Chick Lit', 'Young Adult Young Adult Romance']",3,,https://www.goodreads.com//book/show/7664334-amy-roger-s-epic-detour
173,The Master and Margarita,Mikhail Bulgakov,260022,12682,4.29,372,1996,False,"['Classics', 'Fiction', 'Cultural Russia', 'Fantasy', 'Literature Russian Literature', 'Magical Realism', 'Literature', 'Novels', 'Historical Historical Fiction', 'Literature 20th Century']",0,Russian Federation,https://www.goodreads.com//book/show/117833.The_Master_and_Margarita
174,Seraphina,Rachel Hartman,85337,8251,3.93,499,2013,True,"['Fantasy', 'Young Adult', 'Fantasy Dragons', 'Fiction', 'Romance', 'Young Adult Young Adult Fantasy', 'Fantasy High Fantasy', 'Adventure', 'Mystery', 'Fantasy Magic']",18,,https://www.goodreads.com//book/show/19549841-seraphina
175,Make Love! the Bruce Campbell Way,Bruce Campbell,3316,285,3.68,353,2006,False,"['Humor', 'Fiction', 'Humor Comedy', 'Culture Film', 'Audiobook', 'Adult Fiction', 'Media Tie In', 'Novels', 'Literature American', 'Unfinished']",0,,https://www.goodreads.com//book/show/92184.Make_Love_the_Bruce_Campbell_Way
176,Hard Eight,Janet Evanovich,117069,2264,4.16,326,2003,True,"['Mystery', 'Fiction', 'Humor', 'Womens Fiction Chick Lit', 'Romance', 'Mystery Crime', 'Humor Comedy', 'Thriller Mystery Thriller', 'Contemporary', 'Adult']",2,United States,https://www.goodreads.com//book/show/6425.Hard_Eight
177,Eleven on Top,Janet Evanovich,101347,2077,4.16,321,2006,True,"['Mystery', 'Fiction', 'Humor', 'Womens Fiction Chick Lit', 'Romance', 'Mystery Crime', 'Humor Comedy', 'Thriller Mystery Thriller', 'Contemporary', 'Adult']",0,United States,https://www.goodreads.com//book/show/11003.Eleven_on_Top
178,Denali Skies,Danielle Rohr,106,34,3.73,216,2013,False,"['Travel', 'New Adult', 'Fiction', 'Fantasy']",0,,https://www.goodreads.com//book/show/17413424-denali-skies
179,Every Moment After,Joseph Moldover,613,123,3.76,364,2019,False,"['Contemporary', 'Young Adult', 'Fiction', 'Realistic Fiction', 'Young Adult Young Adult Contemporary', 'Romance', 'Health Mental Health', 'LGBT', 'Young Adult Coming Of Age', 'Young Adult Teen']",0,,https://www.goodreads.com//book/show/40142465-every-moment-after
180,White Cat,Holly Black,44741,4668,3.78,310,2010,True,"['Fantasy', 'Young Adult', 'Fantasy Urban Fantasy', 'Fantasy Paranormal', 'Fantasy Magic', 'Fiction', 'Mystery', 'Romance', 'Young Adult Young Adult Fantasy', 'Fantasy Supernatural']",2,,https://www.goodreads.com//book/show/6087756-white-cat
181,Beautiful Redemption,Kami Garcia,66961,4293,3.92,456,2012,True,"['Fantasy', 'Young Adult', 'Fantasy Paranormal', 'Romance', 'Fantasy Magic', 'Fiction', 'Fantasy Supernatural', 'Paranormal Witches', 'Romance Paranormal Romance', 'Fantasy Urban Fantasy']",0,United States,https://www.goodreads.com//book/show/7930335-beautiful-redemption
182,Ethereal Fury,Jessica O'Gorek,215,114,3.98,263,2013,True,"['Fantasy Paranormal', 'Fantasy', 'Young Adult', 'Science Fiction', 'Romance', 'Science Fiction Dystopia', 'Romance Paranormal Romance', 'Fiction', 'Paranormal Demons']",0,,https://www.goodreads.com//book/show/17977415-ethereal-fury
183,The Bone Season,Samantha Shannon,65212,8713,3.77,466,2013,True,"['Fantasy', 'Young Adult', 'Science Fiction Dystopia', 'Fiction', 'Science Fiction', 'Fantasy Paranormal', 'Fantasy Urban Fantasy', 'Romance', 'Adult', 'Audiobook']",2,United Kingdom,https://www.goodreads.com//book/show/17199504-the-bone-season
184,Trust: A New Beginning,Cristiane Serruya,3359,146,3.52,464,2012,True,"['Romance', 'Adult Fiction Erotica', 'Contemporary', 'Romance Contemporary Romance', 'Dark', 'Fiction', 'Suspense', 'Adult', 'Business Amazon', 'Romance Erotic Romance']",1,,https://www.goodreads.com//book/show/16160314-trust
185,Natural Born Charmer,Susan Elizabeth Phillips,33016,1644,4.15,400,2007,True,"['Romance', 'Romance Contemporary Romance', 'Contemporary', 'Womens Fiction Chick Lit', 'Sports Sports', 'Contemporary Romance Sports Romance', 'Fiction', 'Humor', 'Adult', 'Audiobook']",1,United States,https://www.goodreads.com//book/show/73064.Natural_Born_Charmer
186,Life Song,Christine M. Knight,77,56,4.19,338,2013,False,[],0,,https://www.goodreads.com//book/show/18251020-life-song
187,Vicious,V.E. Schwab,120599,18903,4.2,366,2013,True,"['Fantasy', 'Science Fiction', 'Fiction', 'Adult', 'Fantasy Paranormal', 'Young Adult', 'Fantasy Urban Fantasy', 'Comics Superheroes', 'Adult Fiction', 'Fantasy Supernatural']",1,,https://www.goodreads.com//book/show/40874032-vicious
188,Rot & Ruin,Jonathan Maberry,32852,3732,4.1,458,2010,True,"['Horror Zombies', 'Young Adult', 'Horror', 'Science Fiction Dystopia', 'Apocalyptic Post Apocalyptic', 'Fiction', 'Science Fiction', 'Fantasy', 'Fantasy Paranormal', 'Young Adult Teen']",4,United States,https://www.goodreads.com//book/show/7157310-rot-ruin
189,Memories Of My Future,Ammar Habib,6500,801,4.33,310,2016,False,"['Historical Historical Fiction', 'Historical', 'Fiction', 'Cultural India', 'Cultural Pakistan', 'Health Medicine', 'Medical', 'Inspirational', 'Cultural', 'Romance M M Romance']",0,,https://www.goodreads.com//book/show/31408159-memories-of-my-future
190,The School for Good and Evil,Soman Chainani,70441,7896,4.02,544,2018,True,"['Fantasy', 'Childrens Middle Grade', 'Young Adult', 'Fantasy Magic', 'Fantasy Fairy Tales', 'Fiction', 'Romance', 'Childrens', 'Adventure', 'Audiobook']",2,,https://www.goodreads.com//book/show/42080479-the-school-for-good-and-evil
191,Theft of Swords,Michael J. Sullivan,60324,3932,4.18,649,2011,True,"['Fantasy', 'Fiction', 'Fantasy Epic Fantasy', 'Adventure', 'Fantasy High Fantasy', 'Audiobook', 'Adult', 'Young Adult', 'Fantasy Magic', 'Science Fiction Fantasy']",1,,https://www.goodreads.com//book/show/10790290-theft-of-swords
192,A Northern Light,Jennifer Donnelly,42220,3635,3.81,396,2004,False,"['Historical Historical Fiction', 'Young Adult', 'Fiction', 'Mystery', 'Historical', 'Romance', 'Young Adult Teen', 'Young Adult Coming Of Age', 'Audiobook', 'Young Adult Young Adult Historical Fiction']",10,United States,https://www.goodreads.com//book/show/64481.A_Northern_Light
193,Kitty and the Midnight Hour,Carrie Vaughn,31946,1764,3.67,259,2005,True,"['Fantasy Urban Fantasy', 'Fantasy', 'Fantasy Paranormal', 'Shapeshifters Werewolves', 'Paranormal Vampires', 'Fiction', 'Paranormal Shapeshifters', 'Romance Paranormal Romance', 'Romance', 'Fantasy Supernatural']",0,United States,https://www.goodreads.com//book/show/14461.Kitty_and_the_Midnight_Hour
194,Tunnels,Roderick Gordon,15955,1585,3.61,464,2007,True,"['Fantasy', 'Young Adult', 'Adventure', 'Fiction', 'Science Fiction', 'Mystery', 'Childrens Middle Grade', 'Childrens', 'Young Adult Teen', 'Science Fiction Dystopia']",0,United Kingdom,https://www.goodreads.com//book/show/1175893.Tunnels
195,Revelations,Lindsay Anne Kendal,271,12,4.04,300,2013,True,"['Paranormal Vampires', 'Young Adult', 'Horror', 'Fantasy', 'Fantasy Paranormal', 'Paranormal Angels', 'Romance', 'Paranormal Witches', 'Paranormal Demons', 'Romance Paranormal Romance']",0,,https://www.goodreads.com//book/show/11733930-revelations
196,Bad Girls Don't Die,Katie Alender,26411,2704,4.03,346,2009,True,"['Young Adult', 'Horror', 'Fantasy Paranormal', 'Fantasy', 'Mystery', 'Fantasy Supernatural', 'Paranormal Ghosts', 'Fiction', 'Romance', 'Thriller']",0,,https://www.goodreads.com//book/show/3678651-bad-girls-don-t-die
197,Torment,Lindsay Anne Kendal,335,32,3.97,308,2011,True,"['Paranormal Vampires', 'Fantasy', 'Fantasy Paranormal', 'Horror', 'Young Adult', 'Romance', 'Paranormal Witches', 'Paranormal Demons', 'Paranormal Angels', 'Romance Paranormal Romance']",0,,https://www.goodreads.com//book/show/11733898-torment
198,Envy,Anna Godbersen,24361,1319,3.9,405,2009,True,"['Historical Historical Fiction', 'Young Adult', 'Romance', 'Historical', 'Fiction', 'Womens Fiction Chick Lit', 'Romance Historical Romance', 'Young Adult Teen', 'Drama', 'Young Adult Young Adult Romance']",0,,https://www.goodreads.com//book/show/3347892-envy
199,Galactic Energies,Luca  Rossi,480,127,3.95,236,2013,False,"['Science Fiction', 'Short Stories', 'Fantasy', 'Romance', 'Science Fiction Cyberpunk', 'Adult Fiction Erotica', 'Adventure', 'Anthologies', 'Fiction', 'Philosophy Metaphysics']",0,,https://www.goodreads.com//book/show/18224520-galactic-energies
